date,wm_yr_wk,weekday,wday,month,year,event_name_1,event_type_1,event_name_2,event_type_2,snap_TX
1/29/2011,11101,Saturday,1,1,2011,NA,NA,NA,NA,0
1/30/2011,11101,Sunday,2,1,2011,NA,NA,NA,NA,0
1/31/2011,11101,Monday,3,1,2011,NA,NA,NA,NA,0
2/1/2011,11101,Tuesday,4,2,2011,NA,NA,NA,NA,1
2/2/2011,11101,Wednesday,5,2,2011,NA,NA,NA,NA,0
2/3/2011,11101,Thursday,6,2,2011,NA,NA,NA,NA,1
2/4/2011,11101,Friday,7,2,2011,NA,NA,NA,NA,0
2/5/2011,11102,Saturday,1,2,2011,NA,NA,NA,NA,1
2/6/2011,11102,Sunday,2,2,2011,SuperBowl,Sporting,NA,NA,1
2/7/2011,11102,Monday,3,2,2011,NA,NA,NA,NA,1
2/8/2011,11102,Tuesday,4,2,2011,NA,NA,NA,NA,0
2/9/2011,11102,Wednesday,5,2,2011,NA,NA,NA,NA,1
2/10/2011,11102,Thursday,6,2,2011,NA,NA,NA,NA,0
2/11/2011,11102,Friday,7,2,2011,NA,NA,NA,NA,1
2/12/2011,11103,Saturday,1,2,2011,NA,NA,NA,NA,1
2/13/2011,11103,Sunday,2,2,2011,NA,NA,NA,NA,1
2/14/2011,11103,Monday,3,2,2011,ValentinesDay,Cultural,NA,NA,0
2/15/2011,11103,Tuesday,4,2,2011,NA,NA,NA,NA,1
2/16/2011,11103,Wednesday,5,2,2011,NA,NA,NA,NA,0
2/17/2011,11103,Thursday,6,2,2011,NA,NA,NA,NA,0
2/18/2011,11103,Friday,7,2,2011,NA,NA,NA,NA,0
2/19/2011,11104,Saturday,1,2,2011,NA,NA,NA,NA,0
2/20/2011,11104,Sunday,2,2,2011,NA,NA,NA,NA,0
2/21/2011,11104,Monday,3,2,2011,PresidentsDay,National,NA,NA,0
2/22/2011,11104,Tuesday,4,2,2011,NA,NA,NA,NA,0
2/23/2011,11104,Wednesday,5,2,2011,NA,NA,NA,NA,0
2/24/2011,11104,Thursday,6,2,2011,NA,NA,NA,NA,0
2/25/2011,11104,Friday,7,2,2011,NA,NA,NA,NA,0
2/26/2011,11105,Saturday,1,2,2011,NA,NA,NA,NA,0
2/27/2011,11105,Sunday,2,2,2011,NA,NA,NA,NA,0
2/28/2011,11105,Monday,3,2,2011,NA,NA,NA,NA,0
3/1/2011,11105,Tuesday,4,3,2011,NA,NA,NA,NA,1
3/2/2011,11105,Wednesday,5,3,2011,NA,NA,NA,NA,0
3/3/2011,11105,Thursday,6,3,2011,NA,NA,NA,NA,1
3/4/2011,11105,Friday,7,3,2011,NA,NA,NA,NA,0
3/5/2011,11106,Saturday,1,3,2011,NA,NA,NA,NA,1
3/6/2011,11106,Sunday,2,3,2011,NA,NA,NA,NA,1
3/7/2011,11106,Monday,3,3,2011,NA,NA,NA,NA,1
3/8/2011,11106,Tuesday,4,3,2011,NA,NA,NA,NA,0
3/9/2011,11106,Wednesday,5,3,2011,LentStart,Religious,NA,NA,1
3/10/2011,11106,Thursday,6,3,2011,NA,NA,NA,NA,0
3/11/2011,11106,Friday,7,3,2011,NA,NA,NA,NA,1
3/12/2011,11107,Saturday,1,3,2011,NA,NA,NA,NA,1
3/13/2011,11107,Sunday,2,3,2011,NA,NA,NA,NA,1
3/14/2011,11107,Monday,3,3,2011,NA,NA,NA,NA,0
3/15/2011,11107,Tuesday,4,3,2011,NA,NA,NA,NA,1
3/16/2011,11107,Wednesday,5,3,2011,LentWeek2,Religious,NA,NA,0
3/17/2011,11107,Thursday,6,3,2011,StPatricksDay,Cultural,NA,NA,0
3/18/2011,11107,Friday,7,3,2011,NA,NA,NA,NA,0
3/19/2011,11108,Saturday,1,3,2011,NA,NA,NA,NA,0
3/20/2011,11108,Sunday,2,3,2011,Purim End,Religious,NA,NA,0
3/21/2011,11108,Monday,3,3,2011,NA,NA,NA,NA,0
3/22/2011,11108,Tuesday,4,3,2011,NA,NA,NA,NA,0
3/23/2011,11108,Wednesday,5,3,2011,NA,NA,NA,NA,0
3/24/2011,11108,Thursday,6,3,2011,NA,NA,NA,NA,0
3/25/2011,11108,Friday,7,3,2011,NA,NA,NA,NA,0
3/26/2011,11109,Saturday,1,3,2011,NA,NA,NA,NA,0
3/27/2011,11109,Sunday,2,3,2011,NA,NA,NA,NA,0
3/28/2011,11109,Monday,3,3,2011,NA,NA,NA,NA,0
3/29/2011,11109,Tuesday,4,3,2011,NA,NA,NA,NA,0
3/30/2011,11109,Wednesday,5,3,2011,NA,NA,NA,NA,0
3/31/2011,11109,Thursday,6,3,2011,NA,NA,NA,NA,0
4/1/2011,11109,Friday,7,4,2011,NA,NA,NA,NA,1
4/2/2011,11110,Saturday,1,4,2011,NA,NA,NA,NA,0
4/3/2011,11110,Sunday,2,4,2011,NA,NA,NA,NA,1
4/4/2011,11110,Monday,3,4,2011,NA,NA,NA,NA,0
4/5/2011,11110,Tuesday,4,4,2011,NA,NA,NA,NA,1
4/6/2011,11110,Wednesday,5,4,2011,NA,NA,NA,NA,1
4/7/2011,11110,Thursday,6,4,2011,NA,NA,NA,NA,1
4/8/2011,11110,Friday,7,4,2011,NA,NA,NA,NA,0
4/9/2011,11111,Saturday,1,4,2011,NA,NA,NA,NA,1
4/10/2011,11111,Sunday,2,4,2011,NA,NA,NA,NA,0
4/11/2011,11111,Monday,3,4,2011,NA,NA,NA,NA,1
4/12/2011,11111,Tuesday,4,4,2011,NA,NA,NA,NA,1
4/13/2011,11111,Wednesday,5,4,2011,NA,NA,NA,NA,1
4/14/2011,11111,Thursday,6,4,2011,NA,NA,NA,NA,0
4/15/2011,11111,Friday,7,4,2011,NA,NA,NA,NA,1
4/16/2011,11112,Saturday,1,4,2011,NA,NA,NA,NA,0
4/17/2011,11112,Sunday,2,4,2011,NA,NA,NA,NA,0
4/18/2011,11112,Monday,3,4,2011,NA,NA,NA,NA,0
4/19/2011,11112,Tuesday,4,4,2011,NA,NA,NA,NA,0
4/20/2011,11112,Wednesday,5,4,2011,NA,NA,NA,NA,0
4/21/2011,11112,Thursday,6,4,2011,NA,NA,NA,NA,0
4/22/2011,11112,Friday,7,4,2011,NA,NA,NA,NA,0
4/23/2011,11113,Saturday,1,4,2011,NA,NA,NA,NA,0
4/24/2011,11113,Sunday,2,4,2011,OrthodoxEaster,Religious,Easter,Cultural,0
4/25/2011,11113,Monday,3,4,2011,NA,NA,NA,NA,0
4/26/2011,11113,Tuesday,4,4,2011,Pesach End,Religious,NA,NA,0
4/27/2011,11113,Wednesday,5,4,2011,NA,NA,NA,NA,0
4/28/2011,11113,Thursday,6,4,2011,NA,NA,NA,NA,0
4/29/2011,11113,Friday,7,4,2011,NA,NA,NA,NA,0
4/30/2011,11114,Saturday,1,4,2011,NA,NA,NA,NA,0
5/1/2011,11114,Sunday,2,5,2011,NA,NA,NA,NA,1
5/2/2011,11114,Monday,3,5,2011,NA,NA,NA,NA,0
5/3/2011,11114,Tuesday,4,5,2011,NA,NA,NA,NA,1
5/4/2011,11114,Wednesday,5,5,2011,NA,NA,NA,NA,0
5/5/2011,11114,Thursday,6,5,2011,Cinco De Mayo,Cultural,NA,NA,1
5/6/2011,11114,Friday,7,5,2011,NA,NA,NA,NA,1
5/7/2011,11115,Saturday,1,5,2011,NA,NA,NA,NA,1
5/8/2011,11115,Sunday,2,5,2011,Mother's day,Cultural,NA,NA,0
5/9/2011,11115,Monday,3,5,2011,NA,NA,NA,NA,1
5/10/2011,11115,Tuesday,4,5,2011,NA,NA,NA,NA,0
5/11/2011,11115,Wednesday,5,5,2011,NA,NA,NA,NA,1
5/12/2011,11115,Thursday,6,5,2011,NA,NA,NA,NA,1
5/13/2011,11115,Friday,7,5,2011,NA,NA,NA,NA,1
5/14/2011,11116,Saturday,1,5,2011,NA,NA,NA,NA,0
5/15/2011,11116,Sunday,2,5,2011,NA,NA,NA,NA,1
5/16/2011,11116,Monday,3,5,2011,NA,NA,NA,NA,0
5/17/2011,11116,Tuesday,4,5,2011,NA,NA,NA,NA,0
5/18/2011,11116,Wednesday,5,5,2011,NA,NA,NA,NA,0
5/19/2011,11116,Thursday,6,5,2011,NA,NA,NA,NA,0
5/20/2011,11116,Friday,7,5,2011,NA,NA,NA,NA,0
5/21/2011,11117,Saturday,1,5,2011,NA,NA,NA,NA,0
5/22/2011,11117,Sunday,2,5,2011,NA,NA,NA,NA,0
5/23/2011,11117,Monday,3,5,2011,NA,NA,NA,NA,0
5/24/2011,11117,Tuesday,4,5,2011,NA,NA,NA,NA,0
5/25/2011,11117,Wednesday,5,5,2011,NA,NA,NA,NA,0
5/26/2011,11117,Thursday,6,5,2011,NA,NA,NA,NA,0
5/27/2011,11117,Friday,7,5,2011,NA,NA,NA,NA,0
5/28/2011,11118,Saturday,1,5,2011,NA,NA,NA,NA,0
5/29/2011,11118,Sunday,2,5,2011,NA,NA,NA,NA,0
5/30/2011,11118,Monday,3,5,2011,MemorialDay,National,NA,NA,0
5/31/2011,11118,Tuesday,4,5,2011,NBAFinalsStart,Sporting,NA,NA,0
6/1/2011,11118,Wednesday,5,6,2011,NA,NA,NA,NA,1
6/2/2011,11118,Thursday,6,6,2011,NA,NA,NA,NA,0
6/3/2011,11118,Friday,7,6,2011,NA,NA,NA,NA,1
6/4/2011,11119,Saturday,1,6,2011,NA,NA,NA,NA,0
6/5/2011,11119,Sunday,2,6,2011,NA,NA,NA,NA,1
6/6/2011,11119,Monday,3,6,2011,NA,NA,NA,NA,1
6/7/2011,11119,Tuesday,4,6,2011,NA,NA,NA,NA,1
6/8/2011,11119,Wednesday,5,6,2011,NA,NA,NA,NA,0
6/9/2011,11119,Thursday,6,6,2011,NA,NA,NA,NA,1
6/10/2011,11119,Friday,7,6,2011,NA,NA,NA,NA,0
6/11/2011,11120,Saturday,1,6,2011,NA,NA,NA,NA,1
6/12/2011,11120,Sunday,2,6,2011,NBAFinalsEnd,Sporting,NA,NA,1
6/13/2011,11120,Monday,3,6,2011,NA,NA,NA,NA,1
6/14/2011,11120,Tuesday,4,6,2011,NA,NA,NA,NA,0
6/15/2011,11120,Wednesday,5,6,2011,NA,NA,NA,NA,1
6/16/2011,11120,Thursday,6,6,2011,NA,NA,NA,NA,0
6/17/2011,11120,Friday,7,6,2011,NA,NA,NA,NA,0
6/18/2011,11121,Saturday,1,6,2011,NA,NA,NA,NA,0
6/19/2011,11121,Sunday,2,6,2011,Father's day,Cultural,NA,NA,0
6/20/2011,11121,Monday,3,6,2011,NA,NA,NA,NA,0
6/21/2011,11121,Tuesday,4,6,2011,NA,NA,NA,NA,0
6/22/2011,11121,Wednesday,5,6,2011,NA,NA,NA,NA,0
6/23/2011,11121,Thursday,6,6,2011,NA,NA,NA,NA,0
6/24/2011,11121,Friday,7,6,2011,NA,NA,NA,NA,0
6/25/2011,11122,Saturday,1,6,2011,NA,NA,NA,NA,0
6/26/2011,11122,Sunday,2,6,2011,NA,NA,NA,NA,0
6/27/2011,11122,Monday,3,6,2011,NA,NA,NA,NA,0
6/28/2011,11122,Tuesday,4,6,2011,NA,NA,NA,NA,0
6/29/2011,11122,Wednesday,5,6,2011,NA,NA,NA,NA,0
6/30/2011,11122,Thursday,6,6,2011,NA,NA,NA,NA,0
7/1/2011,11122,Friday,7,7,2011,NA,NA,NA,NA,1
7/2/2011,11123,Saturday,1,7,2011,NA,NA,NA,NA,0
7/3/2011,11123,Sunday,2,7,2011,NA,NA,NA,NA,1
7/4/2011,11123,Monday,3,7,2011,IndependenceDay,National,NA,NA,0
7/5/2011,11123,Tuesday,4,7,2011,NA,NA,NA,NA,1
7/6/2011,11123,Wednesday,5,7,2011,NA,NA,NA,NA,1
7/7/2011,11123,Thursday,6,7,2011,NA,NA,NA,NA,1
7/8/2011,11123,Friday,7,7,2011,NA,NA,NA,NA,0
7/9/2011,11124,Saturday,1,7,2011,NA,NA,NA,NA,1
7/10/2011,11124,Sunday,2,7,2011,NA,NA,NA,NA,0
7/11/2011,11124,Monday,3,7,2011,NA,NA,NA,NA,1
7/12/2011,11124,Tuesday,4,7,2011,NA,NA,NA,NA,1
7/13/2011,11124,Wednesday,5,7,2011,NA,NA,NA,NA,1
7/14/2011,11124,Thursday,6,7,2011,NA,NA,NA,NA,0
7/15/2011,11124,Friday,7,7,2011,NA,NA,NA,NA,1
7/16/2011,11125,Saturday,1,7,2011,NA,NA,NA,NA,0
7/17/2011,11125,Sunday,2,7,2011,NA,NA,NA,NA,0
7/18/2011,11125,Monday,3,7,2011,NA,NA,NA,NA,0
7/19/2011,11125,Tuesday,4,7,2011,NA,NA,NA,NA,0
7/20/2011,11125,Wednesday,5,7,2011,NA,NA,NA,NA,0
7/21/2011,11125,Thursday,6,7,2011,NA,NA,NA,NA,0
7/22/2011,11125,Friday,7,7,2011,NA,NA,NA,NA,0
7/23/2011,11126,Saturday,1,7,2011,NA,NA,NA,NA,0
7/24/2011,11126,Sunday,2,7,2011,NA,NA,NA,NA,0
7/25/2011,11126,Monday,3,7,2011,NA,NA,NA,NA,0
7/26/2011,11126,Tuesday,4,7,2011,NA,NA,NA,NA,0
7/27/2011,11126,Wednesday,5,7,2011,NA,NA,NA,NA,0
7/28/2011,11126,Thursday,6,7,2011,NA,NA,NA,NA,0
7/29/2011,11126,Friday,7,7,2011,NA,NA,NA,NA,0
7/30/2011,11127,Saturday,1,7,2011,NA,NA,NA,NA,0
7/31/2011,11127,Sunday,2,7,2011,NA,NA,NA,NA,0
8/1/2011,11127,Monday,3,8,2011,Ramadan starts,Religious,NA,NA,1
8/2/2011,11127,Tuesday,4,8,2011,NA,NA,NA,NA,0
8/3/2011,11127,Wednesday,5,8,2011,NA,NA,NA,NA,1
8/4/2011,11127,Thursday,6,8,2011,NA,NA,NA,NA,0
8/5/2011,11127,Friday,7,8,2011,NA,NA,NA,NA,1
8/6/2011,11128,Saturday,1,8,2011,NA,NA,NA,NA,1
8/7/2011,11128,Sunday,2,8,2011,NA,NA,NA,NA,1
8/8/2011,11128,Monday,3,8,2011,NA,NA,NA,NA,0
8/9/2011,11128,Tuesday,4,8,2011,NA,NA,NA,NA,1
8/10/2011,11128,Wednesday,5,8,2011,NA,NA,NA,NA,0
8/11/2011,11128,Thursday,6,8,2011,NA,NA,NA,NA,1
8/12/2011,11128,Friday,7,8,2011,NA,NA,NA,NA,1
8/13/2011,11129,Saturday,1,8,2011,NA,NA,NA,NA,1
8/14/2011,11129,Sunday,2,8,2011,NA,NA,NA,NA,0
8/15/2011,11129,Monday,3,8,2011,NA,NA,NA,NA,1
8/16/2011,11129,Tuesday,4,8,2011,NA,NA,NA,NA,0
8/17/2011,11129,Wednesday,5,8,2011,NA,NA,NA,NA,0
8/18/2011,11129,Thursday,6,8,2011,NA,NA,NA,NA,0
8/19/2011,11129,Friday,7,8,2011,NA,NA,NA,NA,0
8/20/2011,11130,Saturday,1,8,2011,NA,NA,NA,NA,0
8/21/2011,11130,Sunday,2,8,2011,NA,NA,NA,NA,0
8/22/2011,11130,Monday,3,8,2011,NA,NA,NA,NA,0
8/23/2011,11130,Tuesday,4,8,2011,NA,NA,NA,NA,0
8/24/2011,11130,Wednesday,5,8,2011,NA,NA,NA,NA,0
8/25/2011,11130,Thursday,6,8,2011,NA,NA,NA,NA,0
8/26/2011,11130,Friday,7,8,2011,NA,NA,NA,NA,0
8/27/2011,11131,Saturday,1,8,2011,NA,NA,NA,NA,0
8/28/2011,11131,Sunday,2,8,2011,NA,NA,NA,NA,0
8/29/2011,11131,Monday,3,8,2011,NA,NA,NA,NA,0
8/30/2011,11131,Tuesday,4,8,2011,NA,NA,NA,NA,0
8/31/2011,11131,Wednesday,5,8,2011,Eid al-Fitr,Religious,NA,NA,0
9/1/2011,11131,Thursday,6,9,2011,NA,NA,NA,NA,1
9/2/2011,11131,Friday,7,9,2011,NA,NA,NA,NA,0
9/3/2011,11132,Saturday,1,9,2011,NA,NA,NA,NA,1
9/4/2011,11132,Sunday,2,9,2011,NA,NA,NA,NA,0
9/5/2011,11132,Monday,3,9,2011,LaborDay,National,NA,NA,1
9/6/2011,11132,Tuesday,4,9,2011,NA,NA,NA,NA,1
9/7/2011,11132,Wednesday,5,9,2011,NA,NA,NA,NA,1
9/8/2011,11132,Thursday,6,9,2011,NA,NA,NA,NA,0
9/9/2011,11132,Friday,7,9,2011,NA,NA,NA,NA,1
9/10/2011,11133,Saturday,1,9,2011,NA,NA,NA,NA,0
9/11/2011,11133,Sunday,2,9,2011,NA,NA,NA,NA,1
9/12/2011,11133,Monday,3,9,2011,NA,NA,NA,NA,1
9/13/2011,11133,Tuesday,4,9,2011,NA,NA,NA,NA,1
9/14/2011,11133,Wednesday,5,9,2011,NA,NA,NA,NA,0
9/15/2011,11133,Thursday,6,9,2011,NA,NA,NA,NA,1
9/16/2011,11133,Friday,7,9,2011,NA,NA,NA,NA,0
9/17/2011,11134,Saturday,1,9,2011,NA,NA,NA,NA,0
9/18/2011,11134,Sunday,2,9,2011,NA,NA,NA,NA,0
9/19/2011,11134,Monday,3,9,2011,NA,NA,NA,NA,0
9/20/2011,11134,Tuesday,4,9,2011,NA,NA,NA,NA,0
9/21/2011,11134,Wednesday,5,9,2011,NA,NA,NA,NA,0
9/22/2011,11134,Thursday,6,9,2011,NA,NA,NA,NA,0
9/23/2011,11134,Friday,7,9,2011,NA,NA,NA,NA,0
9/24/2011,11135,Saturday,1,9,2011,NA,NA,NA,NA,0
9/25/2011,11135,Sunday,2,9,2011,NA,NA,NA,NA,0
9/26/2011,11135,Monday,3,9,2011,NA,NA,NA,NA,0
9/27/2011,11135,Tuesday,4,9,2011,NA,NA,NA,NA,0
9/28/2011,11135,Wednesday,5,9,2011,NA,NA,NA,NA,0
9/29/2011,11135,Thursday,6,9,2011,NA,NA,NA,NA,0
9/30/2011,11135,Friday,7,9,2011,NA,NA,NA,NA,0
10/1/2011,11136,Saturday,1,10,2011,NA,NA,NA,NA,1
10/2/2011,11136,Sunday,2,10,2011,NA,NA,NA,NA,0
10/3/2011,11136,Monday,3,10,2011,NA,NA,NA,NA,1
10/4/2011,11136,Tuesday,4,10,2011,NA,NA,NA,NA,0
10/5/2011,11136,Wednesday,5,10,2011,NA,NA,NA,NA,1
10/6/2011,11136,Thursday,6,10,2011,NA,NA,NA,NA,1
10/7/2011,11136,Friday,7,10,2011,NA,NA,NA,NA,1
10/8/2011,11137,Saturday,1,10,2011,NA,NA,NA,NA,0
10/9/2011,11137,Sunday,2,10,2011,NA,NA,NA,NA,1
10/10/2011,11137,Monday,3,10,2011,ColumbusDay,National,NA,NA,0
10/11/2011,11137,Tuesday,4,10,2011,NA,NA,NA,NA,1
10/12/2011,11137,Wednesday,5,10,2011,NA,NA,NA,NA,1
10/13/2011,11137,Thursday,6,10,2011,NA,NA,NA,NA,1
10/14/2011,11137,Friday,7,10,2011,NA,NA,NA,NA,0
10/15/2011,11138,Saturday,1,10,2011,NA,NA,NA,NA,1
10/16/2011,11138,Sunday,2,10,2011,NA,NA,NA,NA,0
10/17/2011,11138,Monday,3,10,2011,NA,NA,NA,NA,0
10/18/2011,11138,Tuesday,4,10,2011,NA,NA,NA,NA,0
10/19/2011,11138,Wednesday,5,10,2011,NA,NA,NA,NA,0
10/20/2011,11138,Thursday,6,10,2011,NA,NA,NA,NA,0
10/21/2011,11138,Friday,7,10,2011,NA,NA,NA,NA,0
10/22/2011,11139,Saturday,1,10,2011,NA,NA,NA,NA,0
10/23/2011,11139,Sunday,2,10,2011,NA,NA,NA,NA,0
10/24/2011,11139,Monday,3,10,2011,NA,NA,NA,NA,0
10/25/2011,11139,Tuesday,4,10,2011,NA,NA,NA,NA,0
10/26/2011,11139,Wednesday,5,10,2011,NA,NA,NA,NA,0
10/27/2011,11139,Thursday,6,10,2011,NA,NA,NA,NA,0
10/28/2011,11139,Friday,7,10,2011,NA,NA,NA,NA,0
10/29/2011,11140,Saturday,1,10,2011,NA,NA,NA,NA,0
10/30/2011,11140,Sunday,2,10,2011,NA,NA,NA,NA,0
10/31/2011,11140,Monday,3,10,2011,Halloween,Cultural,NA,NA,0
11/1/2011,11140,Tuesday,4,11,2011,NA,NA,NA,NA,1
11/2/2011,11140,Wednesday,5,11,2011,NA,NA,NA,NA,0
11/3/2011,11140,Thursday,6,11,2011,NA,NA,NA,NA,1
11/4/2011,11140,Friday,7,11,2011,NA,NA,NA,NA,0
11/5/2011,11141,Saturday,1,11,2011,NA,NA,NA,NA,1
11/6/2011,11141,Sunday,2,11,2011,NA,NA,NA,NA,1
11/7/2011,11141,Monday,3,11,2011,EidAlAdha,Religious,NA,NA,1
11/8/2011,11141,Tuesday,4,11,2011,NA,NA,NA,NA,0
11/9/2011,11141,Wednesday,5,11,2011,NA,NA,NA,NA,1
11/10/2011,11141,Thursday,6,11,2011,NA,NA,NA,NA,0
11/11/2011,11141,Friday,7,11,2011,VeteransDay,National,NA,NA,1
11/12/2011,11142,Saturday,1,11,2011,NA,NA,NA,NA,1
11/13/2011,11142,Sunday,2,11,2011,NA,NA,NA,NA,1
11/14/2011,11142,Monday,3,11,2011,NA,NA,NA,NA,0
11/15/2011,11142,Tuesday,4,11,2011,NA,NA,NA,NA,1
11/16/2011,11142,Wednesday,5,11,2011,NA,NA,NA,NA,0
11/17/2011,11142,Thursday,6,11,2011,NA,NA,NA,NA,0
11/18/2011,11142,Friday,7,11,2011,NA,NA,NA,NA,0
11/19/2011,11143,Saturday,1,11,2011,NA,NA,NA,NA,0
11/20/2011,11143,Sunday,2,11,2011,NA,NA,NA,NA,0
11/21/2011,11143,Monday,3,11,2011,NA,NA,NA,NA,0
11/22/2011,11143,Tuesday,4,11,2011,NA,NA,NA,NA,0
11/23/2011,11143,Wednesday,5,11,2011,NA,NA,NA,NA,0
11/24/2011,11143,Thursday,6,11,2011,Thanksgiving,National,NA,NA,0
11/25/2011,11143,Friday,7,11,2011,NA,NA,NA,NA,0
11/26/2011,11144,Saturday,1,11,2011,NA,NA,NA,NA,0
11/27/2011,11144,Sunday,2,11,2011,NA,NA,NA,NA,0
11/28/2011,11144,Monday,3,11,2011,NA,NA,NA,NA,0
11/29/2011,11144,Tuesday,4,11,2011,NA,NA,NA,NA,0
11/30/2011,11144,Wednesday,5,11,2011,NA,NA,NA,NA,0
12/1/2011,11144,Thursday,6,12,2011,NA,NA,NA,NA,1
12/2/2011,11144,Friday,7,12,2011,NA,NA,NA,NA,0
12/3/2011,11145,Saturday,1,12,2011,NA,NA,NA,NA,1
12/4/2011,11145,Sunday,2,12,2011,NA,NA,NA,NA,0
12/5/2011,11145,Monday,3,12,2011,NA,NA,NA,NA,1
12/6/2011,11145,Tuesday,4,12,2011,NA,NA,NA,NA,1
12/7/2011,11145,Wednesday,5,12,2011,NA,NA,NA,NA,1
12/8/2011,11145,Thursday,6,12,2011,NA,NA,NA,NA,0
12/9/2011,11145,Friday,7,12,2011,NA,NA,NA,NA,1
12/10/2011,11146,Saturday,1,12,2011,NA,NA,NA,NA,0
12/11/2011,11146,Sunday,2,12,2011,NA,NA,NA,NA,1
12/12/2011,11146,Monday,3,12,2011,NA,NA,NA,NA,1
12/13/2011,11146,Tuesday,4,12,2011,NA,NA,NA,NA,1
12/14/2011,11146,Wednesday,5,12,2011,NA,NA,NA,NA,0
12/15/2011,11146,Thursday,6,12,2011,NA,NA,NA,NA,1
12/16/2011,11146,Friday,7,12,2011,NA,NA,NA,NA,0
12/17/2011,11147,Saturday,1,12,2011,NA,NA,NA,NA,0
12/18/2011,11147,Sunday,2,12,2011,NA,NA,NA,NA,0
12/19/2011,11147,Monday,3,12,2011,NA,NA,NA,NA,0
12/20/2011,11147,Tuesday,4,12,2011,NA,NA,NA,NA,0
12/21/2011,11147,Wednesday,5,12,2011,NA,NA,NA,NA,0
12/22/2011,11147,Thursday,6,12,2011,NA,NA,NA,NA,0
12/23/2011,11147,Friday,7,12,2011,NA,NA,NA,NA,0
12/24/2011,11148,Saturday,1,12,2011,NA,NA,NA,NA,0
12/25/2011,11148,Sunday,2,12,2011,Christmas,National,NA,NA,0
12/26/2011,11148,Monday,3,12,2011,NA,NA,NA,NA,0
12/27/2011,11148,Tuesday,4,12,2011,NA,NA,NA,NA,0
12/28/2011,11148,Wednesday,5,12,2011,Chanukah End,Religious,NA,NA,0
12/29/2011,11148,Thursday,6,12,2011,NA,NA,NA,NA,0
12/30/2011,11148,Friday,7,12,2011,NA,NA,NA,NA,0
12/31/2011,11149,Saturday,1,12,2011,NA,NA,NA,NA,0
1/1/2012,11149,Sunday,2,1,2012,NewYear,National,NA,NA,1
1/2/2012,11149,Monday,3,1,2012,NA,NA,NA,NA,0
1/3/2012,11149,Tuesday,4,1,2012,NA,NA,NA,NA,1
1/4/2012,11149,Wednesday,5,1,2012,NA,NA,NA,NA,0
1/5/2012,11149,Thursday,6,1,2012,NA,NA,NA,NA,1
1/6/2012,11149,Friday,7,1,2012,NA,NA,NA,NA,1
1/7/2012,11150,Saturday,1,1,2012,OrthodoxChristmas,Religious,NA,NA,1
1/8/2012,11150,Sunday,2,1,2012,NA,NA,NA,NA,0
1/9/2012,11150,Monday,3,1,2012,NA,NA,NA,NA,1
1/10/2012,11150,Tuesday,4,1,2012,NA,NA,NA,NA,0
1/11/2012,11150,Wednesday,5,1,2012,NA,NA,NA,NA,1
1/12/2012,11150,Thursday,6,1,2012,NA,NA,NA,NA,1
1/13/2012,11150,Friday,7,1,2012,NA,NA,NA,NA,1
1/14/2012,11151,Saturday,1,1,2012,NA,NA,NA,NA,0
1/15/2012,11151,Sunday,2,1,2012,NA,NA,NA,NA,1
1/16/2012,11151,Monday,3,1,2012,MartinLutherKingDay,National,NA,NA,0
1/17/2012,11151,Tuesday,4,1,2012,NA,NA,NA,NA,0
1/18/2012,11151,Wednesday,5,1,2012,NA,NA,NA,NA,0
1/19/2012,11151,Thursday,6,1,2012,NA,NA,NA,NA,0
1/20/2012,11151,Friday,7,1,2012,NA,NA,NA,NA,0
1/21/2012,11152,Saturday,1,1,2012,NA,NA,NA,NA,0
1/22/2012,11152,Sunday,2,1,2012,NA,NA,NA,NA,0
1/23/2012,11152,Monday,3,1,2012,NA,NA,NA,NA,0
1/24/2012,11152,Tuesday,4,1,2012,NA,NA,NA,NA,0
1/25/2012,11152,Wednesday,5,1,2012,NA,NA,NA,NA,0
1/26/2012,11152,Thursday,6,1,2012,NA,NA,NA,NA,0
1/27/2012,11152,Friday,7,1,2012,NA,NA,NA,NA,0
1/28/2012,11201,Saturday,1,1,2012,NA,NA,NA,NA,0
1/29/2012,11201,Sunday,2,1,2012,NA,NA,NA,NA,0
1/30/2012,11201,Monday,3,1,2012,NA,NA,NA,NA,0
1/31/2012,11201,Tuesday,4,1,2012,NA,NA,NA,NA,0
2/1/2012,11201,Wednesday,5,2,2012,NA,NA,NA,NA,1
2/2/2012,11201,Thursday,6,2,2012,NA,NA,NA,NA,0
2/3/2012,11201,Friday,7,2,2012,NA,NA,NA,NA,1
2/4/2012,11202,Saturday,1,2,2012,NA,NA,NA,NA,0
2/5/2012,11202,Sunday,2,2,2012,SuperBowl,Sporting,NA,NA,1
2/6/2012,11202,Monday,3,2,2012,NA,NA,NA,NA,1
2/7/2012,11202,Tuesday,4,2,2012,NA,NA,NA,NA,1
2/8/2012,11202,Wednesday,5,2,2012,NA,NA,NA,NA,0
2/9/2012,11202,Thursday,6,2,2012,NA,NA,NA,NA,1
2/10/2012,11202,Friday,7,2,2012,NA,NA,NA,NA,0
2/11/2012,11203,Saturday,1,2,2012,NA,NA,NA,NA,1
2/12/2012,11203,Sunday,2,2,2012,NA,NA,NA,NA,1
2/13/2012,11203,Monday,3,2,2012,NA,NA,NA,NA,1
2/14/2012,11203,Tuesday,4,2,2012,ValentinesDay,Cultural,NA,NA,0
2/15/2012,11203,Wednesday,5,2,2012,NA,NA,NA,NA,1
2/16/2012,11203,Thursday,6,2,2012,NA,NA,NA,NA,0
2/17/2012,11203,Friday,7,2,2012,NA,NA,NA,NA,0
2/18/2012,11204,Saturday,1,2,2012,NA,NA,NA,NA,0
2/19/2012,11204,Sunday,2,2,2012,NA,NA,NA,NA,0
2/20/2012,11204,Monday,3,2,2012,PresidentsDay,National,NA,NA,0
2/21/2012,11204,Tuesday,4,2,2012,NA,NA,NA,NA,0
2/22/2012,11204,Wednesday,5,2,2012,LentStart,Religious,NA,NA,0
2/23/2012,11204,Thursday,6,2,2012,NA,NA,NA,NA,0
2/24/2012,11204,Friday,7,2,2012,NA,NA,NA,NA,0
2/25/2012,11205,Saturday,1,2,2012,NA,NA,NA,NA,0
2/26/2012,11205,Sunday,2,2,2012,NA,NA,NA,NA,0
2/27/2012,11205,Monday,3,2,2012,NA,NA,NA,NA,0
2/28/2012,11205,Tuesday,4,2,2012,NA,NA,NA,NA,0
2/29/2012,11205,Wednesday,5,2,2012,LentWeek2,Religious,NA,NA,0
3/1/2012,11205,Thursday,6,3,2012,NA,NA,NA,NA,1
3/2/2012,11205,Friday,7,3,2012,NA,NA,NA,NA,0
3/3/2012,11206,Saturday,1,3,2012,NA,NA,NA,NA,1
3/4/2012,11206,Sunday,2,3,2012,NA,NA,NA,NA,0
3/5/2012,11206,Monday,3,3,2012,NA,NA,NA,NA,1
3/6/2012,11206,Tuesday,4,3,2012,NA,NA,NA,NA,1
3/7/2012,11206,Wednesday,5,3,2012,NA,NA,NA,NA,1
3/8/2012,11206,Thursday,6,3,2012,Purim End,Religious,NA,NA,0
3/9/2012,11206,Friday,7,3,2012,NA,NA,NA,NA,1
3/10/2012,11207,Saturday,1,3,2012,NA,NA,NA,NA,0
3/11/2012,11207,Sunday,2,3,2012,NA,NA,NA,NA,1
3/12/2012,11207,Monday,3,3,2012,NA,NA,NA,NA,1
3/13/2012,11207,Tuesday,4,3,2012,NA,NA,NA,NA,1
3/14/2012,11207,Wednesday,5,3,2012,NA,NA,NA,NA,0
3/15/2012,11207,Thursday,6,3,2012,NA,NA,NA,NA,1
3/16/2012,11207,Friday,7,3,2012,NA,NA,NA,NA,0
3/17/2012,11208,Saturday,1,3,2012,StPatricksDay,Cultural,NA,NA,0
3/18/2012,11208,Sunday,2,3,2012,NA,NA,NA,NA,0
3/19/2012,11208,Monday,3,3,2012,NA,NA,NA,NA,0
3/20/2012,11208,Tuesday,4,3,2012,NA,NA,NA,NA,0
3/21/2012,11208,Wednesday,5,3,2012,NA,NA,NA,NA,0
3/22/2012,11208,Thursday,6,3,2012,NA,NA,NA,NA,0
3/23/2012,11208,Friday,7,3,2012,NA,NA,NA,NA,0
3/24/2012,11209,Saturday,1,3,2012,NA,NA,NA,NA,0
3/25/2012,11209,Sunday,2,3,2012,NA,NA,NA,NA,0
3/26/2012,11209,Monday,3,3,2012,NA,NA,NA,NA,0
3/27/2012,11209,Tuesday,4,3,2012,NA,NA,NA,NA,0
3/28/2012,11209,Wednesday,5,3,2012,NA,NA,NA,NA,0
3/29/2012,11209,Thursday,6,3,2012,NA,NA,NA,NA,0
3/30/2012,11209,Friday,7,3,2012,NA,NA,NA,NA,0
3/31/2012,11210,Saturday,1,3,2012,NA,NA,NA,NA,0
4/1/2012,11210,Sunday,2,4,2012,NA,NA,NA,NA,1
4/2/2012,11210,Monday,3,4,2012,NA,NA,NA,NA,0
4/3/2012,11210,Tuesday,4,4,2012,NA,NA,NA,NA,1
4/4/2012,11210,Wednesday,5,4,2012,NA,NA,NA,NA,0
4/5/2012,11210,Thursday,6,4,2012,NA,NA,NA,NA,1
4/6/2012,11210,Friday,7,4,2012,NA,NA,NA,NA,1
4/7/2012,11211,Saturday,1,4,2012,NA,NA,NA,NA,1
4/8/2012,11211,Sunday,2,4,2012,Easter,Cultural,NA,NA,0
4/9/2012,11211,Monday,3,4,2012,NA,NA,NA,NA,1
4/10/2012,11211,Tuesday,4,4,2012,NA,NA,NA,NA,0
4/11/2012,11211,Wednesday,5,4,2012,NA,NA,NA,NA,1
4/12/2012,11211,Thursday,6,4,2012,NA,NA,NA,NA,1
4/13/2012,11211,Friday,7,4,2012,NA,NA,NA,NA,1
4/14/2012,11212,Saturday,1,4,2012,Pesach End,Religious,NA,NA,0
4/15/2012,11212,Sunday,2,4,2012,OrthodoxEaster,Religious,NA,NA,1
4/16/2012,11212,Monday,3,4,2012,NA,NA,NA,NA,0
4/17/2012,11212,Tuesday,4,4,2012,NA,NA,NA,NA,0
4/18/2012,11212,Wednesday,5,4,2012,NA,NA,NA,NA,0
4/19/2012,11212,Thursday,6,4,2012,NA,NA,NA,NA,0
4/20/2012,11212,Friday,7,4,2012,NA,NA,NA,NA,0
4/21/2012,11213,Saturday,1,4,2012,NA,NA,NA,NA,0
4/22/2012,11213,Sunday,2,4,2012,NA,NA,NA,NA,0
4/23/2012,11213,Monday,3,4,2012,NA,NA,NA,NA,0
4/24/2012,11213,Tuesday,4,4,2012,NA,NA,NA,NA,0
4/25/2012,11213,Wednesday,5,4,2012,NA,NA,NA,NA,0
4/26/2012,11213,Thursday,6,4,2012,NA,NA,NA,NA,0
4/27/2012,11213,Friday,7,4,2012,NA,NA,NA,NA,0
4/28/2012,11214,Saturday,1,4,2012,NA,NA,NA,NA,0
4/29/2012,11214,Sunday,2,4,2012,NA,NA,NA,NA,0
4/30/2012,11214,Monday,3,4,2012,NA,NA,NA,NA,0
5/1/2012,11214,Tuesday,4,5,2012,NA,NA,NA,NA,1
5/2/2012,11214,Wednesday,5,5,2012,NA,NA,NA,NA,0
5/3/2012,11214,Thursday,6,5,2012,NA,NA,NA,NA,1
5/4/2012,11214,Friday,7,5,2012,NA,NA,NA,NA,0
5/5/2012,11215,Saturday,1,5,2012,Cinco De Mayo,Cultural,NA,NA,1
5/6/2012,11215,Sunday,2,5,2012,NA,NA,NA,NA,1
5/7/2012,11215,Monday,3,5,2012,NA,NA,NA,NA,1
5/8/2012,11215,Tuesday,4,5,2012,NA,NA,NA,NA,0
5/9/2012,11215,Wednesday,5,5,2012,NA,NA,NA,NA,1
5/10/2012,11215,Thursday,6,5,2012,NA,NA,NA,NA,0
5/11/2012,11215,Friday,7,5,2012,NA,NA,NA,NA,1
5/12/2012,11216,Saturday,1,5,2012,NA,NA,NA,NA,1
5/13/2012,11216,Sunday,2,5,2012,Mother's day,Cultural,NA,NA,1
5/14/2012,11216,Monday,3,5,2012,NA,NA,NA,NA,0
5/15/2012,11216,Tuesday,4,5,2012,NA,NA,NA,NA,1
5/16/2012,11216,Wednesday,5,5,2012,NA,NA,NA,NA,0
5/17/2012,11216,Thursday,6,5,2012,NA,NA,NA,NA,0
5/18/2012,11216,Friday,7,5,2012,NA,NA,NA,NA,0
5/19/2012,11217,Saturday,1,5,2012,NA,NA,NA,NA,0
5/20/2012,11217,Sunday,2,5,2012,NA,NA,NA,NA,0
5/21/2012,11217,Monday,3,5,2012,NA,NA,NA,NA,0
5/22/2012,11217,Tuesday,4,5,2012,NA,NA,NA,NA,0
5/23/2012,11217,Wednesday,5,5,2012,NA,NA,NA,NA,0
5/24/2012,11217,Thursday,6,5,2012,NA,NA,NA,NA,0
5/25/2012,11217,Friday,7,5,2012,NA,NA,NA,NA,0
5/26/2012,11218,Saturday,1,5,2012,NA,NA,NA,NA,0
5/27/2012,11218,Sunday,2,5,2012,NA,NA,NA,NA,0
5/28/2012,11218,Monday,3,5,2012,MemorialDay,National,NA,NA,0
5/29/2012,11218,Tuesday,4,5,2012,NA,NA,NA,NA,0
5/30/2012,11218,Wednesday,5,5,2012,NA,NA,NA,NA,0
5/31/2012,11218,Thursday,6,5,2012,NA,NA,NA,NA,0
6/1/2012,11218,Friday,7,6,2012,NA,NA,NA,NA,1
6/2/2012,11219,Saturday,1,6,2012,NA,NA,NA,NA,0
6/3/2012,11219,Sunday,2,6,2012,NA,NA,NA,NA,1
6/4/2012,11219,Monday,3,6,2012,NA,NA,NA,NA,0
6/5/2012,11219,Tuesday,4,6,2012,NA,NA,NA,NA,1
6/6/2012,11219,Wednesday,5,6,2012,NA,NA,NA,NA,1
6/7/2012,11219,Thursday,6,6,2012,NA,NA,NA,NA,1
6/8/2012,11219,Friday,7,6,2012,NA,NA,NA,NA,0
6/9/2012,11220,Saturday,1,6,2012,NA,NA,NA,NA,1
6/10/2012,11220,Sunday,2,6,2012,NA,NA,NA,NA,0
6/11/2012,11220,Monday,3,6,2012,NA,NA,NA,NA,1
6/12/2012,11220,Tuesday,4,6,2012,NBAFinalsStart,Sporting,NA,NA,1
6/13/2012,11220,Wednesday,5,6,2012,NA,NA,NA,NA,1
6/14/2012,11220,Thursday,6,6,2012,NA,NA,NA,NA,0
6/15/2012,11220,Friday,7,6,2012,NA,NA,NA,NA,1
6/16/2012,11221,Saturday,1,6,2012,NA,NA,NA,NA,0
6/17/2012,11221,Sunday,2,6,2012,Father's day,Cultural,NA,NA,0
6/18/2012,11221,Monday,3,6,2012,NA,NA,NA,NA,0
6/19/2012,11221,Tuesday,4,6,2012,NA,NA,NA,NA,0
6/20/2012,11221,Wednesday,5,6,2012,NA,NA,NA,NA,0
6/21/2012,11221,Thursday,6,6,2012,NBAFinalsEnd,Sporting,NA,NA,0
6/22/2012,11221,Friday,7,6,2012,NA,NA,NA,NA,0
6/23/2012,11222,Saturday,1,6,2012,NA,NA,NA,NA,0
6/24/2012,11222,Sunday,2,6,2012,NA,NA,NA,NA,0
6/25/2012,11222,Monday,3,6,2012,NA,NA,NA,NA,0
6/26/2012,11222,Tuesday,4,6,2012,NA,NA,NA,NA,0
6/27/2012,11222,Wednesday,5,6,2012,NA,NA,NA,NA,0
6/28/2012,11222,Thursday,6,6,2012,NA,NA,NA,NA,0
6/29/2012,11222,Friday,7,6,2012,NA,NA,NA,NA,0
6/30/2012,11223,Saturday,1,6,2012,NA,NA,NA,NA,0
7/1/2012,11223,Sunday,2,7,2012,NA,NA,NA,NA,1
7/2/2012,11223,Monday,3,7,2012,NA,NA,NA,NA,0
7/3/2012,11223,Tuesday,4,7,2012,NA,NA,NA,NA,1
7/4/2012,11223,Wednesday,5,7,2012,IndependenceDay,National,NA,NA,0
7/5/2012,11223,Thursday,6,7,2012,NA,NA,NA,NA,1
7/6/2012,11223,Friday,7,7,2012,NA,NA,NA,NA,1
7/7/2012,11224,Saturday,1,7,2012,NA,NA,NA,NA,1
7/8/2012,11224,Sunday,2,7,2012,NA,NA,NA,NA,0
7/9/2012,11224,Monday,3,7,2012,NA,NA,NA,NA,1
7/10/2012,11224,Tuesday,4,7,2012,NA,NA,NA,NA,0
7/11/2012,11224,Wednesday,5,7,2012,NA,NA,NA,NA,1
7/12/2012,11224,Thursday,6,7,2012,NA,NA,NA,NA,1
7/13/2012,11224,Friday,7,7,2012,NA,NA,NA,NA,1
7/14/2012,11225,Saturday,1,7,2012,NA,NA,NA,NA,0
7/15/2012,11225,Sunday,2,7,2012,NA,NA,NA,NA,1
7/16/2012,11225,Monday,3,7,2012,NA,NA,NA,NA,0
7/17/2012,11225,Tuesday,4,7,2012,NA,NA,NA,NA,0
7/18/2012,11225,Wednesday,5,7,2012,NA,NA,NA,NA,0
7/19/2012,11225,Thursday,6,7,2012,NA,NA,NA,NA,0
7/20/2012,11225,Friday,7,7,2012,Ramadan starts,Religious,NA,NA,0
7/21/2012,11226,Saturday,1,7,2012,NA,NA,NA,NA,0
7/22/2012,11226,Sunday,2,7,2012,NA,NA,NA,NA,0
7/23/2012,11226,Monday,3,7,2012,NA,NA,NA,NA,0
7/24/2012,11226,Tuesday,4,7,2012,NA,NA,NA,NA,0
7/25/2012,11226,Wednesday,5,7,2012,NA,NA,NA,NA,0
7/26/2012,11226,Thursday,6,7,2012,NA,NA,NA,NA,0
7/27/2012,11226,Friday,7,7,2012,NA,NA,NA,NA,0
7/28/2012,11227,Saturday,1,7,2012,NA,NA,NA,NA,0
7/29/2012,11227,Sunday,2,7,2012,NA,NA,NA,NA,0
7/30/2012,11227,Monday,3,7,2012,NA,NA,NA,NA,0
7/31/2012,11227,Tuesday,4,7,2012,NA,NA,NA,NA,0
8/1/2012,11227,Wednesday,5,8,2012,NA,NA,NA,NA,1
8/2/2012,11227,Thursday,6,8,2012,NA,NA,NA,NA,0
8/3/2012,11227,Friday,7,8,2012,NA,NA,NA,NA,1
8/4/2012,11228,Saturday,1,8,2012,NA,NA,NA,NA,0
8/5/2012,11228,Sunday,2,8,2012,NA,NA,NA,NA,1
8/6/2012,11228,Monday,3,8,2012,NA,NA,NA,NA,1
8/7/2012,11228,Tuesday,4,8,2012,NA,NA,NA,NA,1
8/8/2012,11228,Wednesday,5,8,2012,NA,NA,NA,NA,0
8/9/2012,11228,Thursday,6,8,2012,NA,NA,NA,NA,1
8/10/2012,11228,Friday,7,8,2012,NA,NA,NA,NA,0
8/11/2012,11229,Saturday,1,8,2012,NA,NA,NA,NA,1
8/12/2012,11229,Sunday,2,8,2012,NA,NA,NA,NA,1
8/13/2012,11229,Monday,3,8,2012,NA,NA,NA,NA,1
8/14/2012,11229,Tuesday,4,8,2012,NA,NA,NA,NA,0
8/15/2012,11229,Wednesday,5,8,2012,NA,NA,NA,NA,1
8/16/2012,11229,Thursday,6,8,2012,NA,NA,NA,NA,0
8/17/2012,11229,Friday,7,8,2012,NA,NA,NA,NA,0
8/18/2012,11230,Saturday,1,8,2012,NA,NA,NA,NA,0
8/19/2012,11230,Sunday,2,8,2012,Eid al-Fitr,Religious,NA,NA,0
8/20/2012,11230,Monday,3,8,2012,NA,NA,NA,NA,0
8/21/2012,11230,Tuesday,4,8,2012,NA,NA,NA,NA,0
8/22/2012,11230,Wednesday,5,8,2012,NA,NA,NA,NA,0
8/23/2012,11230,Thursday,6,8,2012,NA,NA,NA,NA,0
8/24/2012,11230,Friday,7,8,2012,NA,NA,NA,NA,0
8/25/2012,11231,Saturday,1,8,2012,NA,NA,NA,NA,0
8/26/2012,11231,Sunday,2,8,2012,NA,NA,NA,NA,0
8/27/2012,11231,Monday,3,8,2012,NA,NA,NA,NA,0
8/28/2012,11231,Tuesday,4,8,2012,NA,NA,NA,NA,0
8/29/2012,11231,Wednesday,5,8,2012,NA,NA,NA,NA,0
8/30/2012,11231,Thursday,6,8,2012,NA,NA,NA,NA,0
8/31/2012,11231,Friday,7,8,2012,NA,NA,NA,NA,0
9/1/2012,11232,Saturday,1,9,2012,NA,NA,NA,NA,1
9/2/2012,11232,Sunday,2,9,2012,NA,NA,NA,NA,0
9/3/2012,11232,Monday,3,9,2012,LaborDay,National,NA,NA,1
9/4/2012,11232,Tuesday,4,9,2012,NA,NA,NA,NA,0
9/5/2012,11232,Wednesday,5,9,2012,NA,NA,NA,NA,1
9/6/2012,11232,Thursday,6,9,2012,NA,NA,NA,NA,1
9/7/2012,11232,Friday,7,9,2012,NA,NA,NA,NA,1
9/8/2012,11233,Saturday,1,9,2012,NA,NA,NA,NA,0
9/9/2012,11233,Sunday,2,9,2012,NA,NA,NA,NA,1
9/10/2012,11233,Monday,3,9,2012,NA,NA,NA,NA,0
9/11/2012,11233,Tuesday,4,9,2012,NA,NA,NA,NA,1
9/12/2012,11233,Wednesday,5,9,2012,NA,NA,NA,NA,1
9/13/2012,11233,Thursday,6,9,2012,NA,NA,NA,NA,1
9/14/2012,11233,Friday,7,9,2012,NA,NA,NA,NA,0
9/15/2012,11234,Saturday,1,9,2012,NA,NA,NA,NA,1
9/16/2012,11234,Sunday,2,9,2012,NA,NA,NA,NA,0
9/17/2012,11234,Monday,3,9,2012,NA,NA,NA,NA,0
9/18/2012,11234,Tuesday,4,9,2012,NA,NA,NA,NA,0
9/19/2012,11234,Wednesday,5,9,2012,NA,NA,NA,NA,0
9/20/2012,11234,Thursday,6,9,2012,NA,NA,NA,NA,0
9/21/2012,11234,Friday,7,9,2012,NA,NA,NA,NA,0
9/22/2012,11235,Saturday,1,9,2012,NA,NA,NA,NA,0
9/23/2012,11235,Sunday,2,9,2012,NA,NA,NA,NA,0
9/24/2012,11235,Monday,3,9,2012,NA,NA,NA,NA,0
9/25/2012,11235,Tuesday,4,9,2012,NA,NA,NA,NA,0
9/26/2012,11235,Wednesday,5,9,2012,NA,NA,NA,NA,0
9/27/2012,11235,Thursday,6,9,2012,NA,NA,NA,NA,0
9/28/2012,11235,Friday,7,9,2012,NA,NA,NA,NA,0
9/29/2012,11236,Saturday,1,9,2012,NA,NA,NA,NA,0
9/30/2012,11236,Sunday,2,9,2012,NA,NA,NA,NA,0
10/1/2012,11236,Monday,3,10,2012,NA,NA,NA,NA,1
10/2/2012,11236,Tuesday,4,10,2012,NA,NA,NA,NA,0
10/3/2012,11236,Wednesday,5,10,2012,NA,NA,NA,NA,1
10/4/2012,11236,Thursday,6,10,2012,NA,NA,NA,NA,0
10/5/2012,11236,Friday,7,10,2012,NA,NA,NA,NA,1
10/6/2012,11237,Saturday,1,10,2012,NA,NA,NA,NA,1
10/7/2012,11237,Sunday,2,10,2012,NA,NA,NA,NA,1
10/8/2012,11237,Monday,3,10,2012,ColumbusDay,National,NA,NA,0
10/9/2012,11237,Tuesday,4,10,2012,NA,NA,NA,NA,1
10/10/2012,11237,Wednesday,5,10,2012,NA,NA,NA,NA,0
10/11/2012,11237,Thursday,6,10,2012,NA,NA,NA,NA,1
10/12/2012,11237,Friday,7,10,2012,NA,NA,NA,NA,1
10/13/2012,11238,Saturday,1,10,2012,NA,NA,NA,NA,1
10/14/2012,11238,Sunday,2,10,2012,NA,NA,NA,NA,0
10/15/2012,11238,Monday,3,10,2012,NA,NA,NA,NA,1
10/16/2012,11238,Tuesday,4,10,2012,NA,NA,NA,NA,0
10/17/2012,11238,Wednesday,5,10,2012,NA,NA,NA,NA,0
10/18/2012,11238,Thursday,6,10,2012,NA,NA,NA,NA,0
10/19/2012,11238,Friday,7,10,2012,NA,NA,NA,NA,0
10/20/2012,11239,Saturday,1,10,2012,NA,NA,NA,NA,0
10/21/2012,11239,Sunday,2,10,2012,NA,NA,NA,NA,0
10/22/2012,11239,Monday,3,10,2012,NA,NA,NA,NA,0
10/23/2012,11239,Tuesday,4,10,2012,NA,NA,NA,NA,0
10/24/2012,11239,Wednesday,5,10,2012,NA,NA,NA,NA,0
10/25/2012,11239,Thursday,6,10,2012,NA,NA,NA,NA,0
10/26/2012,11239,Friday,7,10,2012,EidAlAdha,Religious,NA,NA,0
10/27/2012,11240,Saturday,1,10,2012,NA,NA,NA,NA,0
10/28/2012,11240,Sunday,2,10,2012,NA,NA,NA,NA,0
10/29/2012,11240,Monday,3,10,2012,NA,NA,NA,NA,0
10/30/2012,11240,Tuesday,4,10,2012,NA,NA,NA,NA,0
10/31/2012,11240,Wednesday,5,10,2012,Halloween,Cultural,NA,NA,0
11/1/2012,11240,Thursday,6,11,2012,NA,NA,NA,NA,1
11/2/2012,11240,Friday,7,11,2012,NA,NA,NA,NA,0
11/3/2012,11241,Saturday,1,11,2012,NA,NA,NA,NA,1
11/4/2012,11241,Sunday,2,11,2012,NA,NA,NA,NA,0
11/5/2012,11241,Monday,3,11,2012,NA,NA,NA,NA,1
11/6/2012,11241,Tuesday,4,11,2012,NA,NA,NA,NA,1
11/7/2012,11241,Wednesday,5,11,2012,NA,NA,NA,NA,1
11/8/2012,11241,Thursday,6,11,2012,NA,NA,NA,NA,0
11/9/2012,11241,Friday,7,11,2012,NA,NA,NA,NA,1
11/10/2012,11242,Saturday,1,11,2012,NA,NA,NA,NA,0
11/11/2012,11242,Sunday,2,11,2012,VeteransDay,National,NA,NA,1
11/12/2012,11242,Monday,3,11,2012,NA,NA,NA,NA,1
11/13/2012,11242,Tuesday,4,11,2012,NA,NA,NA,NA,1
11/14/2012,11242,Wednesday,5,11,2012,NA,NA,NA,NA,0
11/15/2012,11242,Thursday,6,11,2012,NA,NA,NA,NA,1
11/16/2012,11242,Friday,7,11,2012,NA,NA,NA,NA,0
11/17/2012,11243,Saturday,1,11,2012,NA,NA,NA,NA,0
11/18/2012,11243,Sunday,2,11,2012,NA,NA,NA,NA,0
11/19/2012,11243,Monday,3,11,2012,NA,NA,NA,NA,0
11/20/2012,11243,Tuesday,4,11,2012,NA,NA,NA,NA,0
11/21/2012,11243,Wednesday,5,11,2012,NA,NA,NA,NA,0
11/22/2012,11243,Thursday,6,11,2012,Thanksgiving,National,NA,NA,0
11/23/2012,11243,Friday,7,11,2012,NA,NA,NA,NA,0
11/24/2012,11244,Saturday,1,11,2012,NA,NA,NA,NA,0
11/25/2012,11244,Sunday,2,11,2012,NA,NA,NA,NA,0
11/26/2012,11244,Monday,3,11,2012,NA,NA,NA,NA,0
11/27/2012,11244,Tuesday,4,11,2012,NA,NA,NA,NA,0
11/28/2012,11244,Wednesday,5,11,2012,NA,NA,NA,NA,0
11/29/2012,11244,Thursday,6,11,2012,NA,NA,NA,NA,0
11/30/2012,11244,Friday,7,11,2012,NA,NA,NA,NA,0
12/1/2012,11245,Saturday,1,12,2012,NA,NA,NA,NA,1
12/2/2012,11245,Sunday,2,12,2012,NA,NA,NA,NA,0
12/3/2012,11245,Monday,3,12,2012,NA,NA,NA,NA,1
12/4/2012,11245,Tuesday,4,12,2012,NA,NA,NA,NA,0
12/5/2012,11245,Wednesday,5,12,2012,NA,NA,NA,NA,1
12/6/2012,11245,Thursday,6,12,2012,NA,NA,NA,NA,1
12/7/2012,11245,Friday,7,12,2012,NA,NA,NA,NA,1
12/8/2012,11246,Saturday,1,12,2012,NA,NA,NA,NA,0
12/9/2012,11246,Sunday,2,12,2012,NA,NA,NA,NA,1
12/10/2012,11246,Monday,3,12,2012,NA,NA,NA,NA,0
12/11/2012,11246,Tuesday,4,12,2012,NA,NA,NA,NA,1
12/12/2012,11246,Wednesday,5,12,2012,NA,NA,NA,NA,1
12/13/2012,11246,Thursday,6,12,2012,NA,NA,NA,NA,1
12/14/2012,11246,Friday,7,12,2012,NA,NA,NA,NA,0
12/15/2012,11247,Saturday,1,12,2012,NA,NA,NA,NA,1
12/16/2012,11247,Sunday,2,12,2012,Chanukah End,Religious,NA,NA,0
12/17/2012,11247,Monday,3,12,2012,NA,NA,NA,NA,0
12/18/2012,11247,Tuesday,4,12,2012,NA,NA,NA,NA,0
12/19/2012,11247,Wednesday,5,12,2012,NA,NA,NA,NA,0
12/20/2012,11247,Thursday,6,12,2012,NA,NA,NA,NA,0
12/21/2012,11247,Friday,7,12,2012,NA,NA,NA,NA,0
12/22/2012,11248,Saturday,1,12,2012,NA,NA,NA,NA,0
12/23/2012,11248,Sunday,2,12,2012,NA,NA,NA,NA,0
12/24/2012,11248,Monday,3,12,2012,NA,NA,NA,NA,0
12/25/2012,11248,Tuesday,4,12,2012,Christmas,National,NA,NA,0
12/26/2012,11248,Wednesday,5,12,2012,NA,NA,NA,NA,0
12/27/2012,11248,Thursday,6,12,2012,NA,NA,NA,NA,0
12/28/2012,11248,Friday,7,12,2012,NA,NA,NA,NA,0
12/29/2012,11249,Saturday,1,12,2012,NA,NA,NA,NA,0
12/30/2012,11249,Sunday,2,12,2012,NA,NA,NA,NA,0
12/31/2012,11249,Monday,3,12,2012,NA,NA,NA,NA,0
1/1/2013,11249,Tuesday,4,1,2013,NewYear,National,NA,NA,1
1/2/2013,11249,Wednesday,5,1,2013,NA,NA,NA,NA,0
1/3/2013,11249,Thursday,6,1,2013,NA,NA,NA,NA,1
1/4/2013,11249,Friday,7,1,2013,NA,NA,NA,NA,0
1/5/2013,11250,Saturday,1,1,2013,NA,NA,NA,NA,1
1/6/2013,11250,Sunday,2,1,2013,NA,NA,NA,NA,1
1/7/2013,11250,Monday,3,1,2013,OrthodoxChristmas,Religious,NA,NA,1
1/8/2013,11250,Tuesday,4,1,2013,NA,NA,NA,NA,0
1/9/2013,11250,Wednesday,5,1,2013,NA,NA,NA,NA,1
1/10/2013,11250,Thursday,6,1,2013,NA,NA,NA,NA,0
1/11/2013,11250,Friday,7,1,2013,NA,NA,NA,NA,1
1/12/2013,11251,Saturday,1,1,2013,NA,NA,NA,NA,1
1/13/2013,11251,Sunday,2,1,2013,NA,NA,NA,NA,1
1/14/2013,11251,Monday,3,1,2013,NA,NA,NA,NA,0
1/15/2013,11251,Tuesday,4,1,2013,NA,NA,NA,NA,1
1/16/2013,11251,Wednesday,5,1,2013,NA,NA,NA,NA,0
1/17/2013,11251,Thursday,6,1,2013,NA,NA,NA,NA,0
1/18/2013,11251,Friday,7,1,2013,NA,NA,NA,NA,0
1/19/2013,11252,Saturday,1,1,2013,NA,NA,NA,NA,0
1/20/2013,11252,Sunday,2,1,2013,NA,NA,NA,NA,0
1/21/2013,11252,Monday,3,1,2013,MartinLutherKingDay,National,NA,NA,0
1/22/2013,11252,Tuesday,4,1,2013,NA,NA,NA,NA,0
1/23/2013,11252,Wednesday,5,1,2013,NA,NA,NA,NA,0
1/24/2013,11252,Thursday,6,1,2013,NA,NA,NA,NA,0
1/25/2013,11252,Friday,7,1,2013,NA,NA,NA,NA,0
1/26/2013,11301,Saturday,1,1,2013,NA,NA,NA,NA,0
1/27/2013,11301,Sunday,2,1,2013,NA,NA,NA,NA,0
1/28/2013,11301,Monday,3,1,2013,NA,NA,NA,NA,0
1/29/2013,11301,Tuesday,4,1,2013,NA,NA,NA,NA,0
1/30/2013,11301,Wednesday,5,1,2013,NA,NA,NA,NA,0
1/31/2013,11301,Thursday,6,1,2013,NA,NA,NA,NA,0
2/1/2013,11301,Friday,7,2,2013,NA,NA,NA,NA,1
2/2/2013,11302,Saturday,1,2,2013,NA,NA,NA,NA,0
2/3/2013,11302,Sunday,2,2,2013,SuperBowl,Sporting,NA,NA,1
2/4/2013,11302,Monday,3,2,2013,NA,NA,NA,NA,0
2/5/2013,11302,Tuesday,4,2,2013,NA,NA,NA,NA,1
2/6/2013,11302,Wednesday,5,2,2013,NA,NA,NA,NA,1
2/7/2013,11302,Thursday,6,2,2013,NA,NA,NA,NA,1
2/8/2013,11302,Friday,7,2,2013,NA,NA,NA,NA,0
2/9/2013,11303,Saturday,1,2,2013,NA,NA,NA,NA,1
2/10/2013,11303,Sunday,2,2,2013,NA,NA,NA,NA,0
2/11/2013,11303,Monday,3,2,2013,NA,NA,NA,NA,1
2/12/2013,11303,Tuesday,4,2,2013,NA,NA,NA,NA,1
2/13/2013,11303,Wednesday,5,2,2013,LentStart,Religious,NA,NA,1
2/14/2013,11303,Thursday,6,2,2013,ValentinesDay,Cultural,NA,NA,0
2/15/2013,11303,Friday,7,2,2013,NA,NA,NA,NA,1
2/16/2013,11304,Saturday,1,2,2013,NA,NA,NA,NA,0
2/17/2013,11304,Sunday,2,2,2013,NA,NA,NA,NA,0
2/18/2013,11304,Monday,3,2,2013,PresidentsDay,National,NA,NA,0
2/19/2013,11304,Tuesday,4,2,2013,NA,NA,NA,NA,0
2/20/2013,11304,Wednesday,5,2,2013,LentWeek2,Religious,NA,NA,0
2/21/2013,11304,Thursday,6,2,2013,NA,NA,NA,NA,0
2/22/2013,11304,Friday,7,2,2013,NA,NA,NA,NA,0
2/23/2013,11305,Saturday,1,2,2013,NA,NA,NA,NA,0
2/24/2013,11305,Sunday,2,2,2013,Purim End,Religious,NA,NA,0
2/25/2013,11305,Monday,3,2,2013,NA,NA,NA,NA,0
2/26/2013,11305,Tuesday,4,2,2013,NA,NA,NA,NA,0
2/27/2013,11305,Wednesday,5,2,2013,NA,NA,NA,NA,0
2/28/2013,11305,Thursday,6,2,2013,NA,NA,NA,NA,0
3/1/2013,11305,Friday,7,3,2013,NA,NA,NA,NA,1
3/2/2013,11306,Saturday,1,3,2013,NA,NA,NA,NA,0
3/3/2013,11306,Sunday,2,3,2013,NA,NA,NA,NA,1
3/4/2013,11306,Monday,3,3,2013,NA,NA,NA,NA,0
3/5/2013,11306,Tuesday,4,3,2013,NA,NA,NA,NA,1
3/6/2013,11306,Wednesday,5,3,2013,NA,NA,NA,NA,1
3/7/2013,11306,Thursday,6,3,2013,NA,NA,NA,NA,1
3/8/2013,11306,Friday,7,3,2013,NA,NA,NA,NA,0
3/9/2013,11307,Saturday,1,3,2013,NA,NA,NA,NA,1
3/10/2013,11307,Sunday,2,3,2013,NA,NA,NA,NA,0
3/11/2013,11307,Monday,3,3,2013,NA,NA,NA,NA,1
3/12/2013,11307,Tuesday,4,3,2013,NA,NA,NA,NA,1
3/13/2013,11307,Wednesday,5,3,2013,NA,NA,NA,NA,1
3/14/2013,11307,Thursday,6,3,2013,NA,NA,NA,NA,0
3/15/2013,11307,Friday,7,3,2013,NA,NA,NA,NA,1
3/16/2013,11308,Saturday,1,3,2013,NA,NA,NA,NA,0
3/17/2013,11308,Sunday,2,3,2013,StPatricksDay,Cultural,NA,NA,0
3/18/2013,11308,Monday,3,3,2013,NA,NA,NA,NA,0
3/19/2013,11308,Tuesday,4,3,2013,NA,NA,NA,NA,0
3/20/2013,11308,Wednesday,5,3,2013,NA,NA,NA,NA,0
3/21/2013,11308,Thursday,6,3,2013,NA,NA,NA,NA,0
3/22/2013,11308,Friday,7,3,2013,NA,NA,NA,NA,0
3/23/2013,11309,Saturday,1,3,2013,NA,NA,NA,NA,0
3/24/2013,11309,Sunday,2,3,2013,NA,NA,NA,NA,0
3/25/2013,11309,Monday,3,3,2013,NA,NA,NA,NA,0
3/26/2013,11309,Tuesday,4,3,2013,NA,NA,NA,NA,0
3/27/2013,11309,Wednesday,5,3,2013,NA,NA,NA,NA,0
3/28/2013,11309,Thursday,6,3,2013,NA,NA,NA,NA,0
3/29/2013,11309,Friday,7,3,2013,NA,NA,NA,NA,0
3/30/2013,11310,Saturday,1,3,2013,NA,NA,NA,NA,0
3/31/2013,11310,Sunday,2,3,2013,Easter,Cultural,NA,NA,0
4/1/2013,11310,Monday,3,4,2013,NA,NA,NA,NA,1
4/2/2013,11310,Tuesday,4,4,2013,Pesach End,Religious,NA,NA,0
4/3/2013,11310,Wednesday,5,4,2013,NA,NA,NA,NA,1
4/4/2013,11310,Thursday,6,4,2013,NA,NA,NA,NA,0
4/5/2013,11310,Friday,7,4,2013,NA,NA,NA,NA,1
4/6/2013,11311,Saturday,1,4,2013,NA,NA,NA,NA,1
4/7/2013,11311,Sunday,2,4,2013,NA,NA,NA,NA,1
4/8/2013,11311,Monday,3,4,2013,NA,NA,NA,NA,0
4/9/2013,11311,Tuesday,4,4,2013,NA,NA,NA,NA,1
4/10/2013,11311,Wednesday,5,4,2013,NA,NA,NA,NA,0
4/11/2013,11311,Thursday,6,4,2013,NA,NA,NA,NA,1
4/12/2013,11311,Friday,7,4,2013,NA,NA,NA,NA,1
4/13/2013,11312,Saturday,1,4,2013,NA,NA,NA,NA,1
4/14/2013,11312,Sunday,2,4,2013,NA,NA,NA,NA,0
4/15/2013,11312,Monday,3,4,2013,NA,NA,NA,NA,1
4/16/2013,11312,Tuesday,4,4,2013,NA,NA,NA,NA,0
4/17/2013,11312,Wednesday,5,4,2013,NA,NA,NA,NA,0
4/18/2013,11312,Thursday,6,4,2013,NA,NA,NA,NA,0
4/19/2013,11312,Friday,7,4,2013,NA,NA,NA,NA,0
4/20/2013,11313,Saturday,1,4,2013,NA,NA,NA,NA,0
4/21/2013,11313,Sunday,2,4,2013,NA,NA,NA,NA,0
4/22/2013,11313,Monday,3,4,2013,NA,NA,NA,NA,0
4/23/2013,11313,Tuesday,4,4,2013,NA,NA,NA,NA,0
4/24/2013,11313,Wednesday,5,4,2013,NA,NA,NA,NA,0
4/25/2013,11313,Thursday,6,4,2013,NA,NA,NA,NA,0
4/26/2013,11313,Friday,7,4,2013,NA,NA,NA,NA,0
4/27/2013,11314,Saturday,1,4,2013,NA,NA,NA,NA,0
4/28/2013,11314,Sunday,2,4,2013,NA,NA,NA,NA,0
4/29/2013,11314,Monday,3,4,2013,NA,NA,NA,NA,0
4/30/2013,11314,Tuesday,4,4,2013,NA,NA,NA,NA,0
5/1/2013,11314,Wednesday,5,5,2013,NA,NA,NA,NA,1
5/2/2013,11314,Thursday,6,5,2013,NA,NA,NA,NA,0
5/3/2013,11314,Friday,7,5,2013,NA,NA,NA,NA,1
5/4/2013,11315,Saturday,1,5,2013,NA,NA,NA,NA,0
5/5/2013,11315,Sunday,2,5,2013,OrthodoxEaster,Religious,Cinco De Mayo,Cultural,1
5/6/2013,11315,Monday,3,5,2013,NA,NA,NA,NA,1
5/7/2013,11315,Tuesday,4,5,2013,NA,NA,NA,NA,1
5/8/2013,11315,Wednesday,5,5,2013,NA,NA,NA,NA,0
5/9/2013,11315,Thursday,6,5,2013,NA,NA,NA,NA,1
5/10/2013,11315,Friday,7,5,2013,NA,NA,NA,NA,0
5/11/2013,11316,Saturday,1,5,2013,NA,NA,NA,NA,1
5/12/2013,11316,Sunday,2,5,2013,Mother's day,Cultural,NA,NA,1
5/13/2013,11316,Monday,3,5,2013,NA,NA,NA,NA,1
5/14/2013,11316,Tuesday,4,5,2013,NA,NA,NA,NA,0
5/15/2013,11316,Wednesday,5,5,2013,NA,NA,NA,NA,1
5/16/2013,11316,Thursday,6,5,2013,NA,NA,NA,NA,0
5/17/2013,11316,Friday,7,5,2013,NA,NA,NA,NA,0
5/18/2013,11317,Saturday,1,5,2013,NA,NA,NA,NA,0
5/19/2013,11317,Sunday,2,5,2013,NA,NA,NA,NA,0
5/20/2013,11317,Monday,3,5,2013,NA,NA,NA,NA,0
5/21/2013,11317,Tuesday,4,5,2013,NA,NA,NA,NA,0
5/22/2013,11317,Wednesday,5,5,2013,NA,NA,NA,NA,0
5/23/2013,11317,Thursday,6,5,2013,NA,NA,NA,NA,0
5/24/2013,11317,Friday,7,5,2013,NA,NA,NA,NA,0
5/25/2013,11318,Saturday,1,5,2013,NA,NA,NA,NA,0
5/26/2013,11318,Sunday,2,5,2013,NA,NA,NA,NA,0
5/27/2013,11318,Monday,3,5,2013,MemorialDay,National,NA,NA,0
5/28/2013,11318,Tuesday,4,5,2013,NA,NA,NA,NA,0
5/29/2013,11318,Wednesday,5,5,2013,NA,NA,NA,NA,0
5/30/2013,11318,Thursday,6,5,2013,NA,NA,NA,NA,0
5/31/2013,11318,Friday,7,5,2013,NA,NA,NA,NA,0
6/1/2013,11319,Saturday,1,6,2013,NA,NA,NA,NA,1
6/2/2013,11319,Sunday,2,6,2013,NA,NA,NA,NA,0
6/3/2013,11319,Monday,3,6,2013,NA,NA,NA,NA,1
6/4/2013,11319,Tuesday,4,6,2013,NA,NA,NA,NA,0
6/5/2013,11319,Wednesday,5,6,2013,NA,NA,NA,NA,1
6/6/2013,11319,Thursday,6,6,2013,NBAFinalsStart,Sporting,NA,NA,1
6/7/2013,11319,Friday,7,6,2013,NA,NA,NA,NA,1
6/8/2013,11320,Saturday,1,6,2013,NA,NA,NA,NA,0
6/9/2013,11320,Sunday,2,6,2013,NA,NA,NA,NA,1
6/10/2013,11320,Monday,3,6,2013,NA,NA,NA,NA,0
6/11/2013,11320,Tuesday,4,6,2013,NA,NA,NA,NA,1
6/12/2013,11320,Wednesday,5,6,2013,NA,NA,NA,NA,1
6/13/2013,11320,Thursday,6,6,2013,NA,NA,NA,NA,1
6/14/2013,11320,Friday,7,6,2013,NA,NA,NA,NA,0
6/15/2013,11321,Saturday,1,6,2013,NA,NA,NA,NA,1
6/16/2013,11321,Sunday,2,6,2013,Father's day,Cultural,NA,NA,0
6/17/2013,11321,Monday,3,6,2013,NA,NA,NA,NA,0
6/18/2013,11321,Tuesday,4,6,2013,NA,NA,NA,NA,0
6/19/2013,11321,Wednesday,5,6,2013,NA,NA,NA,NA,0
6/20/2013,11321,Thursday,6,6,2013,NBAFinalsEnd,Sporting,NA,NA,0
6/21/2013,11321,Friday,7,6,2013,NA,NA,NA,NA,0
6/22/2013,11322,Saturday,1,6,2013,NA,NA,NA,NA,0
6/23/2013,11322,Sunday,2,6,2013,NA,NA,NA,NA,0
6/24/2013,11322,Monday,3,6,2013,NA,NA,NA,NA,0
6/25/2013,11322,Tuesday,4,6,2013,NA,NA,NA,NA,0
6/26/2013,11322,Wednesday,5,6,2013,NA,NA,NA,NA,0
6/27/2013,11322,Thursday,6,6,2013,NA,NA,NA,NA,0
6/28/2013,11322,Friday,7,6,2013,NA,NA,NA,NA,0
6/29/2013,11323,Saturday,1,6,2013,NA,NA,NA,NA,0
6/30/2013,11323,Sunday,2,6,2013,NA,NA,NA,NA,0
7/1/2013,11323,Monday,3,7,2013,NA,NA,NA,NA,1
7/2/2013,11323,Tuesday,4,7,2013,NA,NA,NA,NA,0
7/3/2013,11323,Wednesday,5,7,2013,NA,NA,NA,NA,1
7/4/2013,11323,Thursday,6,7,2013,IndependenceDay,National,NA,NA,0
7/5/2013,11323,Friday,7,7,2013,NA,NA,NA,NA,1
7/6/2013,11324,Saturday,1,7,2013,NA,NA,NA,NA,1
7/7/2013,11324,Sunday,2,7,2013,NA,NA,NA,NA,1
7/8/2013,11324,Monday,3,7,2013,NA,NA,NA,NA,0
7/9/2013,11324,Tuesday,4,7,2013,Ramadan starts,Religious,NA,NA,1
7/10/2013,11324,Wednesday,5,7,2013,NA,NA,NA,NA,0
7/11/2013,11324,Thursday,6,7,2013,NA,NA,NA,NA,1
7/12/2013,11324,Friday,7,7,2013,NA,NA,NA,NA,1
7/13/2013,11325,Saturday,1,7,2013,NA,NA,NA,NA,1
7/14/2013,11325,Sunday,2,7,2013,NA,NA,NA,NA,0
7/15/2013,11325,Monday,3,7,2013,NA,NA,NA,NA,1
7/16/2013,11325,Tuesday,4,7,2013,NA,NA,NA,NA,0
7/17/2013,11325,Wednesday,5,7,2013,NA,NA,NA,NA,0
7/18/2013,11325,Thursday,6,7,2013,NA,NA,NA,NA,0
7/19/2013,11325,Friday,7,7,2013,NA,NA,NA,NA,0
7/20/2013,11326,Saturday,1,7,2013,NA,NA,NA,NA,0
7/21/2013,11326,Sunday,2,7,2013,NA,NA,NA,NA,0
7/22/2013,11326,Monday,3,7,2013,NA,NA,NA,NA,0
7/23/2013,11326,Tuesday,4,7,2013,NA,NA,NA,NA,0
7/24/2013,11326,Wednesday,5,7,2013,NA,NA,NA,NA,0
7/25/2013,11326,Thursday,6,7,2013,NA,NA,NA,NA,0
7/26/2013,11326,Friday,7,7,2013,NA,NA,NA,NA,0
7/27/2013,11327,Saturday,1,7,2013,NA,NA,NA,NA,0
7/28/2013,11327,Sunday,2,7,2013,NA,NA,NA,NA,0
7/29/2013,11327,Monday,3,7,2013,NA,NA,NA,NA,0
7/30/2013,11327,Tuesday,4,7,2013,NA,NA,NA,NA,0
7/31/2013,11327,Wednesday,5,7,2013,NA,NA,NA,NA,0
8/1/2013,11327,Thursday,6,8,2013,NA,NA,NA,NA,1
8/2/2013,11327,Friday,7,8,2013,NA,NA,NA,NA,0
8/3/2013,11328,Saturday,1,8,2013,NA,NA,NA,NA,1
8/4/2013,11328,Sunday,2,8,2013,NA,NA,NA,NA,0
8/5/2013,11328,Monday,3,8,2013,NA,NA,NA,NA,1
8/6/2013,11328,Tuesday,4,8,2013,NA,NA,NA,NA,1
8/7/2013,11328,Wednesday,5,8,2013,NA,NA,NA,NA,1
8/8/2013,11328,Thursday,6,8,2013,Eid al-Fitr,Religious,NA,NA,0
8/9/2013,11328,Friday,7,8,2013,NA,NA,NA,NA,1
8/10/2013,11329,Saturday,1,8,2013,NA,NA,NA,NA,0
8/11/2013,11329,Sunday,2,8,2013,NA,NA,NA,NA,1
8/12/2013,11329,Monday,3,8,2013,NA,NA,NA,NA,1
8/13/2013,11329,Tuesday,4,8,2013,NA,NA,NA,NA,1
8/14/2013,11329,Wednesday,5,8,2013,NA,NA,NA,NA,0
8/15/2013,11329,Thursday,6,8,2013,NA,NA,NA,NA,1
8/16/2013,11329,Friday,7,8,2013,NA,NA,NA,NA,0
8/17/2013,11330,Saturday,1,8,2013,NA,NA,NA,NA,0
8/18/2013,11330,Sunday,2,8,2013,NA,NA,NA,NA,0
8/19/2013,11330,Monday,3,8,2013,NA,NA,NA,NA,0
8/20/2013,11330,Tuesday,4,8,2013,NA,NA,NA,NA,0
8/21/2013,11330,Wednesday,5,8,2013,NA,NA,NA,NA,0
8/22/2013,11330,Thursday,6,8,2013,NA,NA,NA,NA,0
8/23/2013,11330,Friday,7,8,2013,NA,NA,NA,NA,0
8/24/2013,11331,Saturday,1,8,2013,NA,NA,NA,NA,0
8/25/2013,11331,Sunday,2,8,2013,NA,NA,NA,NA,0
8/26/2013,11331,Monday,3,8,2013,NA,NA,NA,NA,0
8/27/2013,11331,Tuesday,4,8,2013,NA,NA,NA,NA,0
8/28/2013,11331,Wednesday,5,8,2013,NA,NA,NA,NA,0
8/29/2013,11331,Thursday,6,8,2013,NA,NA,NA,NA,0
8/30/2013,11331,Friday,7,8,2013,NA,NA,NA,NA,0
8/31/2013,11332,Saturday,1,8,2013,NA,NA,NA,NA,0
9/1/2013,11332,Sunday,2,9,2013,NA,NA,NA,NA,1
9/2/2013,11332,Monday,3,9,2013,LaborDay,National,NA,NA,0
9/3/2013,11332,Tuesday,4,9,2013,NA,NA,NA,NA,1
9/4/2013,11332,Wednesday,5,9,2013,NA,NA,NA,NA,0
9/5/2013,11332,Thursday,6,9,2013,NA,NA,NA,NA,1
9/6/2013,11332,Friday,7,9,2013,NA,NA,NA,NA,1
9/7/2013,11333,Saturday,1,9,2013,NA,NA,NA,NA,1
9/8/2013,11333,Sunday,2,9,2013,NA,NA,NA,NA,0
9/9/2013,11333,Monday,3,9,2013,NA,NA,NA,NA,1
9/10/2013,11333,Tuesday,4,9,2013,NA,NA,NA,NA,0
9/11/2013,11333,Wednesday,5,9,2013,NA,NA,NA,NA,1
9/12/2013,11333,Thursday,6,9,2013,NA,NA,NA,NA,1
9/13/2013,11333,Friday,7,9,2013,NA,NA,NA,NA,1
9/14/2013,11334,Saturday,1,9,2013,NA,NA,NA,NA,0
9/15/2013,11334,Sunday,2,9,2013,NA,NA,NA,NA,1
9/16/2013,11334,Monday,3,9,2013,NA,NA,NA,NA,0
9/17/2013,11334,Tuesday,4,9,2013,NA,NA,NA,NA,0
9/18/2013,11334,Wednesday,5,9,2013,NA,NA,NA,NA,0
9/19/2013,11334,Thursday,6,9,2013,NA,NA,NA,NA,0
9/20/2013,11334,Friday,7,9,2013,NA,NA,NA,NA,0
9/21/2013,11335,Saturday,1,9,2013,NA,NA,NA,NA,0
9/22/2013,11335,Sunday,2,9,2013,NA,NA,NA,NA,0
9/23/2013,11335,Monday,3,9,2013,NA,NA,NA,NA,0
9/24/2013,11335,Tuesday,4,9,2013,NA,NA,NA,NA,0
9/25/2013,11335,Wednesday,5,9,2013,NA,NA,NA,NA,0
9/26/2013,11335,Thursday,6,9,2013,NA,NA,NA,NA,0
9/27/2013,11335,Friday,7,9,2013,NA,NA,NA,NA,0
9/28/2013,11336,Saturday,1,9,2013,NA,NA,NA,NA,0
9/29/2013,11336,Sunday,2,9,2013,NA,NA,NA,NA,0
9/30/2013,11336,Monday,3,9,2013,NA,NA,NA,NA,0
10/1/2013,11336,Tuesday,4,10,2013,NA,NA,NA,NA,1
10/2/2013,11336,Wednesday,5,10,2013,NA,NA,NA,NA,0
10/3/2013,11336,Thursday,6,10,2013,NA,NA,NA,NA,1
10/4/2013,11336,Friday,7,10,2013,NA,NA,NA,NA,0
10/5/2013,11337,Saturday,1,10,2013,NA,NA,NA,NA,1
10/6/2013,11337,Sunday,2,10,2013,NA,NA,NA,NA,1
10/7/2013,11337,Monday,3,10,2013,NA,NA,NA,NA,1
10/8/2013,11337,Tuesday,4,10,2013,NA,NA,NA,NA,0
10/9/2013,11337,Wednesday,5,10,2013,NA,NA,NA,NA,1
10/10/2013,11337,Thursday,6,10,2013,NA,NA,NA,NA,0
10/11/2013,11337,Friday,7,10,2013,NA,NA,NA,NA,1
10/12/2013,11338,Saturday,1,10,2013,NA,NA,NA,NA,1
10/13/2013,11338,Sunday,2,10,2013,NA,NA,NA,NA,1
10/14/2013,11338,Monday,3,10,2013,ColumbusDay,National,NA,NA,0
10/15/2013,11338,Tuesday,4,10,2013,EidAlAdha,Religious,NA,NA,1
10/16/2013,11338,Wednesday,5,10,2013,NA,NA,NA,NA,0
10/17/2013,11338,Thursday,6,10,2013,NA,NA,NA,NA,0
10/18/2013,11338,Friday,7,10,2013,NA,NA,NA,NA,0
10/19/2013,11339,Saturday,1,10,2013,NA,NA,NA,NA,0
10/20/2013,11339,Sunday,2,10,2013,NA,NA,NA,NA,0
10/21/2013,11339,Monday,3,10,2013,NA,NA,NA,NA,0
10/22/2013,11339,Tuesday,4,10,2013,NA,NA,NA,NA,0
10/23/2013,11339,Wednesday,5,10,2013,NA,NA,NA,NA,0
10/24/2013,11339,Thursday,6,10,2013,NA,NA,NA,NA,0
10/25/2013,11339,Friday,7,10,2013,NA,NA,NA,NA,0
10/26/2013,11340,Saturday,1,10,2013,NA,NA,NA,NA,0
10/27/2013,11340,Sunday,2,10,2013,NA,NA,NA,NA,0
10/28/2013,11340,Monday,3,10,2013,NA,NA,NA,NA,0
10/29/2013,11340,Tuesday,4,10,2013,NA,NA,NA,NA,0
10/30/2013,11340,Wednesday,5,10,2013,NA,NA,NA,NA,0
10/31/2013,11340,Thursday,6,10,2013,Halloween,Cultural,NA,NA,0
11/1/2013,11340,Friday,7,11,2013,NA,NA,NA,NA,1
11/2/2013,11341,Saturday,1,11,2013,NA,NA,NA,NA,0
11/3/2013,11341,Sunday,2,11,2013,NA,NA,NA,NA,1
11/4/2013,11341,Monday,3,11,2013,NA,NA,NA,NA,0
11/5/2013,11341,Tuesday,4,11,2013,NA,NA,NA,NA,1
11/6/2013,11341,Wednesday,5,11,2013,NA,NA,NA,NA,1
11/7/2013,11341,Thursday,6,11,2013,NA,NA,NA,NA,1
11/8/2013,11341,Friday,7,11,2013,NA,NA,NA,NA,0
11/9/2013,11342,Saturday,1,11,2013,NA,NA,NA,NA,1
11/10/2013,11342,Sunday,2,11,2013,NA,NA,NA,NA,0
11/11/2013,11342,Monday,3,11,2013,VeteransDay,National,NA,NA,1
11/12/2013,11342,Tuesday,4,11,2013,NA,NA,NA,NA,1
11/13/2013,11342,Wednesday,5,11,2013,NA,NA,NA,NA,1
11/14/2013,11342,Thursday,6,11,2013,NA,NA,NA,NA,0
11/15/2013,11342,Friday,7,11,2013,NA,NA,NA,NA,1
11/16/2013,11343,Saturday,1,11,2013,NA,NA,NA,NA,0
11/17/2013,11343,Sunday,2,11,2013,NA,NA,NA,NA,0
11/18/2013,11343,Monday,3,11,2013,NA,NA,NA,NA,0
11/19/2013,11343,Tuesday,4,11,2013,NA,NA,NA,NA,0
11/20/2013,11343,Wednesday,5,11,2013,NA,NA,NA,NA,0
11/21/2013,11343,Thursday,6,11,2013,NA,NA,NA,NA,0
11/22/2013,11343,Friday,7,11,2013,NA,NA,NA,NA,0
11/23/2013,11344,Saturday,1,11,2013,NA,NA,NA,NA,0
11/24/2013,11344,Sunday,2,11,2013,NA,NA,NA,NA,0
11/25/2013,11344,Monday,3,11,2013,NA,NA,NA,NA,0
11/26/2013,11344,Tuesday,4,11,2013,NA,NA,NA,NA,0
11/27/2013,11344,Wednesday,5,11,2013,NA,NA,NA,NA,0
11/28/2013,11344,Thursday,6,11,2013,Thanksgiving,National,NA,NA,0
11/29/2013,11344,Friday,7,11,2013,NA,NA,NA,NA,0
11/30/2013,11345,Saturday,1,11,2013,NA,NA,NA,NA,0
12/1/2013,11345,Sunday,2,12,2013,NA,NA,NA,NA,1
12/2/2013,11345,Monday,3,12,2013,NA,NA,NA,NA,0
12/3/2013,11345,Tuesday,4,12,2013,NA,NA,NA,NA,1
12/4/2013,11345,Wednesday,5,12,2013,NA,NA,NA,NA,0
12/5/2013,11345,Thursday,6,12,2013,Chanukah End,Religious,NA,NA,1
12/6/2013,11345,Friday,7,12,2013,NA,NA,NA,NA,1
12/7/2013,11346,Saturday,1,12,2013,NA,NA,NA,NA,1
12/8/2013,11346,Sunday,2,12,2013,NA,NA,NA,NA,0
12/9/2013,11346,Monday,3,12,2013,NA,NA,NA,NA,1
12/10/2013,11346,Tuesday,4,12,2013,NA,NA,NA,NA,0
12/11/2013,11346,Wednesday,5,12,2013,NA,NA,NA,NA,1
12/12/2013,11346,Thursday,6,12,2013,NA,NA,NA,NA,1
12/13/2013,11346,Friday,7,12,2013,NA,NA,NA,NA,1
12/14/2013,11347,Saturday,1,12,2013,NA,NA,NA,NA,0
12/15/2013,11347,Sunday,2,12,2013,NA,NA,NA,NA,1
12/16/2013,11347,Monday,3,12,2013,NA,NA,NA,NA,0
12/17/2013,11347,Tuesday,4,12,2013,NA,NA,NA,NA,0
12/18/2013,11347,Wednesday,5,12,2013,NA,NA,NA,NA,0
12/19/2013,11347,Thursday,6,12,2013,NA,NA,NA,NA,0
12/20/2013,11347,Friday,7,12,2013,NA,NA,NA,NA,0
12/21/2013,11348,Saturday,1,12,2013,NA,NA,NA,NA,0
12/22/2013,11348,Sunday,2,12,2013,NA,NA,NA,NA,0
12/23/2013,11348,Monday,3,12,2013,NA,NA,NA,NA,0
12/24/2013,11348,Tuesday,4,12,2013,NA,NA,NA,NA,0
12/25/2013,11348,Wednesday,5,12,2013,Christmas,National,NA,NA,0
12/26/2013,11348,Thursday,6,12,2013,NA,NA,NA,NA,0
12/27/2013,11348,Friday,7,12,2013,NA,NA,NA,NA,0
12/28/2013,11349,Saturday,1,12,2013,NA,NA,NA,NA,0
12/29/2013,11349,Sunday,2,12,2013,NA,NA,NA,NA,0
12/30/2013,11349,Monday,3,12,2013,NA,NA,NA,NA,0
12/31/2013,11349,Tuesday,4,12,2013,NA,NA,NA,NA,0
1/1/2014,11349,Wednesday,5,1,2014,NewYear,National,NA,NA,1
1/2/2014,11349,Thursday,6,1,2014,NA,NA,NA,NA,0
1/3/2014,11349,Friday,7,1,2014,NA,NA,NA,NA,1
1/4/2014,11350,Saturday,1,1,2014,NA,NA,NA,NA,0
1/5/2014,11350,Sunday,2,1,2014,NA,NA,NA,NA,1
1/6/2014,11350,Monday,3,1,2014,NA,NA,NA,NA,1
1/7/2014,11350,Tuesday,4,1,2014,OrthodoxChristmas,Religious,NA,NA,1
1/8/2014,11350,Wednesday,5,1,2014,NA,NA,NA,NA,0
1/9/2014,11350,Thursday,6,1,2014,NA,NA,NA,NA,1
1/10/2014,11350,Friday,7,1,2014,NA,NA,NA,NA,0
1/11/2014,11351,Saturday,1,1,2014,NA,NA,NA,NA,1
1/12/2014,11351,Sunday,2,1,2014,NA,NA,NA,NA,1
1/13/2014,11351,Monday,3,1,2014,NA,NA,NA,NA,1
1/14/2014,11351,Tuesday,4,1,2014,NA,NA,NA,NA,0
1/15/2014,11351,Wednesday,5,1,2014,NA,NA,NA,NA,1
1/16/2014,11351,Thursday,6,1,2014,NA,NA,NA,NA,0
1/17/2014,11351,Friday,7,1,2014,NA,NA,NA,NA,0
1/18/2014,11352,Saturday,1,1,2014,NA,NA,NA,NA,0
1/19/2014,11352,Sunday,2,1,2014,NA,NA,NA,NA,0
1/20/2014,11352,Monday,3,1,2014,MartinLutherKingDay,National,NA,NA,0
1/21/2014,11352,Tuesday,4,1,2014,NA,NA,NA,NA,0
1/22/2014,11352,Wednesday,5,1,2014,NA,NA,NA,NA,0
1/23/2014,11352,Thursday,6,1,2014,NA,NA,NA,NA,0
1/24/2014,11352,Friday,7,1,2014,NA,NA,NA,NA,0
1/25/2014,11353,Saturday,1,1,2014,NA,NA,NA,NA,0
1/26/2014,11353,Sunday,2,1,2014,NA,NA,NA,NA,0
1/27/2014,11353,Monday,3,1,2014,NA,NA,NA,NA,0
1/28/2014,11353,Tuesday,4,1,2014,NA,NA,NA,NA,0
1/29/2014,11353,Wednesday,5,1,2014,NA,NA,NA,NA,0
1/30/2014,11353,Thursday,6,1,2014,NA,NA,NA,NA,0
1/31/2014,11353,Friday,7,1,2014,NA,NA,NA,NA,0
2/1/2014,11401,Saturday,1,2,2014,NA,NA,NA,NA,1
2/2/2014,11401,Sunday,2,2,2014,SuperBowl,Sporting,NA,NA,0
2/3/2014,11401,Monday,3,2,2014,NA,NA,NA,NA,1
2/4/2014,11401,Tuesday,4,2,2014,NA,NA,NA,NA,0
2/5/2014,11401,Wednesday,5,2,2014,NA,NA,NA,NA,1
2/6/2014,11401,Thursday,6,2,2014,NA,NA,NA,NA,1
2/7/2014,11401,Friday,7,2,2014,NA,NA,NA,NA,1
2/8/2014,11402,Saturday,1,2,2014,NA,NA,NA,NA,0
2/9/2014,11402,Sunday,2,2,2014,NA,NA,NA,NA,1
2/10/2014,11402,Monday,3,2,2014,NA,NA,NA,NA,0
2/11/2014,11402,Tuesday,4,2,2014,NA,NA,NA,NA,1
2/12/2014,11402,Wednesday,5,2,2014,NA,NA,NA,NA,1
2/13/2014,11402,Thursday,6,2,2014,NA,NA,NA,NA,1
2/14/2014,11402,Friday,7,2,2014,ValentinesDay,Cultural,NA,NA,0
2/15/2014,11403,Saturday,1,2,2014,NA,NA,NA,NA,1
2/16/2014,11403,Sunday,2,2,2014,NA,NA,NA,NA,0
2/17/2014,11403,Monday,3,2,2014,PresidentsDay,National,NA,NA,0
2/18/2014,11403,Tuesday,4,2,2014,NA,NA,NA,NA,0
2/19/2014,11403,Wednesday,5,2,2014,NA,NA,NA,NA,0
2/20/2014,11403,Thursday,6,2,2014,NA,NA,NA,NA,0
2/21/2014,11403,Friday,7,2,2014,NA,NA,NA,NA,0
2/22/2014,11404,Saturday,1,2,2014,NA,NA,NA,NA,0
2/23/2014,11404,Sunday,2,2,2014,NA,NA,NA,NA,0
2/24/2014,11404,Monday,3,2,2014,NA,NA,NA,NA,0
2/25/2014,11404,Tuesday,4,2,2014,NA,NA,NA,NA,0
2/26/2014,11404,Wednesday,5,2,2014,NA,NA,NA,NA,0
2/27/2014,11404,Thursday,6,2,2014,NA,NA,NA,NA,0
2/28/2014,11404,Friday,7,2,2014,NA,NA,NA,NA,0
3/1/2014,11405,Saturday,1,3,2014,NA,NA,NA,NA,1
3/2/2014,11405,Sunday,2,3,2014,NA,NA,NA,NA,0
3/3/2014,11405,Monday,3,3,2014,NA,NA,NA,NA,1
3/4/2014,11405,Tuesday,4,3,2014,NA,NA,NA,NA,0
3/5/2014,11405,Wednesday,5,3,2014,LentStart,Religious,NA,NA,1
3/6/2014,11405,Thursday,6,3,2014,NA,NA,NA,NA,1
3/7/2014,11405,Friday,7,3,2014,NA,NA,NA,NA,1
3/8/2014,11406,Saturday,1,3,2014,NA,NA,NA,NA,0
3/9/2014,11406,Sunday,2,3,2014,NA,NA,NA,NA,1
3/10/2014,11406,Monday,3,3,2014,NA,NA,NA,NA,0
3/11/2014,11406,Tuesday,4,3,2014,NA,NA,NA,NA,1
3/12/2014,11406,Wednesday,5,3,2014,LentWeek2,Religious,NA,NA,1
3/13/2014,11406,Thursday,6,3,2014,NA,NA,NA,NA,1
3/14/2014,11406,Friday,7,3,2014,NA,NA,NA,NA,0
3/15/2014,11407,Saturday,1,3,2014,NA,NA,NA,NA,1
3/16/2014,11407,Sunday,2,3,2014,Purim End,Religious,NA,NA,0
3/17/2014,11407,Monday,3,3,2014,StPatricksDay,Cultural,NA,NA,0
3/18/2014,11407,Tuesday,4,3,2014,NA,NA,NA,NA,0
3/19/2014,11407,Wednesday,5,3,2014,NA,NA,NA,NA,0
3/20/2014,11407,Thursday,6,3,2014,NA,NA,NA,NA,0
3/21/2014,11407,Friday,7,3,2014,NA,NA,NA,NA,0
3/22/2014,11408,Saturday,1,3,2014,NA,NA,NA,NA,0
3/23/2014,11408,Sunday,2,3,2014,NA,NA,NA,NA,0
3/24/2014,11408,Monday,3,3,2014,NA,NA,NA,NA,0
3/25/2014,11408,Tuesday,4,3,2014,NA,NA,NA,NA,0
3/26/2014,11408,Wednesday,5,3,2014,NA,NA,NA,NA,0
3/27/2014,11408,Thursday,6,3,2014,NA,NA,NA,NA,0
3/28/2014,11408,Friday,7,3,2014,NA,NA,NA,NA,0
3/29/2014,11409,Saturday,1,3,2014,NA,NA,NA,NA,0
3/30/2014,11409,Sunday,2,3,2014,NA,NA,NA,NA,0
3/31/2014,11409,Monday,3,3,2014,NA,NA,NA,NA,0
4/1/2014,11409,Tuesday,4,4,2014,NA,NA,NA,NA,1
4/2/2014,11409,Wednesday,5,4,2014,NA,NA,NA,NA,0
4/3/2014,11409,Thursday,6,4,2014,NA,NA,NA,NA,1
4/4/2014,11409,Friday,7,4,2014,NA,NA,NA,NA,0
4/5/2014,11410,Saturday,1,4,2014,NA,NA,NA,NA,1
4/6/2014,11410,Sunday,2,4,2014,NA,NA,NA,NA,1
4/7/2014,11410,Monday,3,4,2014,NA,NA,NA,NA,1
4/8/2014,11410,Tuesday,4,4,2014,NA,NA,NA,NA,0
4/9/2014,11410,Wednesday,5,4,2014,NA,NA,NA,NA,1
4/10/2014,11410,Thursday,6,4,2014,NA,NA,NA,NA,0
4/11/2014,11410,Friday,7,4,2014,NA,NA,NA,NA,1
4/12/2014,11411,Saturday,1,4,2014,NA,NA,NA,NA,1
4/13/2014,11411,Sunday,2,4,2014,NA,NA,NA,NA,1
4/14/2014,11411,Monday,3,4,2014,NA,NA,NA,NA,0
4/15/2014,11411,Tuesday,4,4,2014,NA,NA,NA,NA,1
4/16/2014,11411,Wednesday,5,4,2014,NA,NA,NA,NA,0
4/17/2014,11411,Thursday,6,4,2014,NA,NA,NA,NA,0
4/18/2014,11411,Friday,7,4,2014,NA,NA,NA,NA,0
4/19/2014,11412,Saturday,1,4,2014,NA,NA,NA,NA,0
4/20/2014,11412,Sunday,2,4,2014,Easter,Cultural,OrthodoxEaster,Religious,0
4/21/2014,11412,Monday,3,4,2014,NA,NA,NA,NA,0
4/22/2014,11412,Tuesday,4,4,2014,Pesach End,Religious,NA,NA,0
4/23/2014,11412,Wednesday,5,4,2014,NA,NA,NA,NA,0
4/24/2014,11412,Thursday,6,4,2014,NA,NA,NA,NA,0
4/25/2014,11412,Friday,7,4,2014,NA,NA,NA,NA,0
4/26/2014,11413,Saturday,1,4,2014,NA,NA,NA,NA,0
4/27/2014,11413,Sunday,2,4,2014,NA,NA,NA,NA,0
4/28/2014,11413,Monday,3,4,2014,NA,NA,NA,NA,0
4/29/2014,11413,Tuesday,4,4,2014,NA,NA,NA,NA,0
4/30/2014,11413,Wednesday,5,4,2014,NA,NA,NA,NA,0
5/1/2014,11413,Thursday,6,5,2014,NA,NA,NA,NA,1
5/2/2014,11413,Friday,7,5,2014,NA,NA,NA,NA,0
5/3/2014,11414,Saturday,1,5,2014,NA,NA,NA,NA,1
5/4/2014,11414,Sunday,2,5,2014,NA,NA,NA,NA,0
5/5/2014,11414,Monday,3,5,2014,Cinco De Mayo,Cultural,NA,NA,1
5/6/2014,11414,Tuesday,4,5,2014,NA,NA,NA,NA,1
5/7/2014,11414,Wednesday,5,5,2014,NA,NA,NA,NA,1
5/8/2014,11414,Thursday,6,5,2014,NA,NA,NA,NA,0
5/9/2014,11414,Friday,7,5,2014,NA,NA,NA,NA,1
5/10/2014,11415,Saturday,1,5,2014,NA,NA,NA,NA,0
5/11/2014,11415,Sunday,2,5,2014,Mother's day,Cultural,NA,NA,1
5/12/2014,11415,Monday,3,5,2014,NA,NA,NA,NA,1
5/13/2014,11415,Tuesday,4,5,2014,NA,NA,NA,NA,1
5/14/2014,11415,Wednesday,5,5,2014,NA,NA,NA,NA,0
5/15/2014,11415,Thursday,6,5,2014,NA,NA,NA,NA,1
5/16/2014,11415,Friday,7,5,2014,NA,NA,NA,NA,0
5/17/2014,11416,Saturday,1,5,2014,NA,NA,NA,NA,0
5/18/2014,11416,Sunday,2,5,2014,NA,NA,NA,NA,0
5/19/2014,11416,Monday,3,5,2014,NA,NA,NA,NA,0
5/20/2014,11416,Tuesday,4,5,2014,NA,NA,NA,NA,0
5/21/2014,11416,Wednesday,5,5,2014,NA,NA,NA,NA,0
5/22/2014,11416,Thursday,6,5,2014,NA,NA,NA,NA,0
5/23/2014,11416,Friday,7,5,2014,NA,NA,NA,NA,0
5/24/2014,11417,Saturday,1,5,2014,NA,NA,NA,NA,0
5/25/2014,11417,Sunday,2,5,2014,NA,NA,NA,NA,0
5/26/2014,11417,Monday,3,5,2014,MemorialDay,National,NA,NA,0
5/27/2014,11417,Tuesday,4,5,2014,NA,NA,NA,NA,0
5/28/2014,11417,Wednesday,5,5,2014,NA,NA,NA,NA,0
5/29/2014,11417,Thursday,6,5,2014,NA,NA,NA,NA,0
5/30/2014,11417,Friday,7,5,2014,NA,NA,NA,NA,0
5/31/2014,11418,Saturday,1,5,2014,NA,NA,NA,NA,0
6/1/2014,11418,Sunday,2,6,2014,NA,NA,NA,NA,1
6/2/2014,11418,Monday,3,6,2014,NA,NA,NA,NA,0
6/3/2014,11418,Tuesday,4,6,2014,NA,NA,NA,NA,1
6/4/2014,11418,Wednesday,5,6,2014,NA,NA,NA,NA,0
6/5/2014,11418,Thursday,6,6,2014,NBAFinalsStart,Sporting,NA,NA,1
6/6/2014,11418,Friday,7,6,2014,NA,NA,NA,NA,1
6/7/2014,11419,Saturday,1,6,2014,NA,NA,NA,NA,1
6/8/2014,11419,Sunday,2,6,2014,NA,NA,NA,NA,0
6/9/2014,11419,Monday,3,6,2014,NA,NA,NA,NA,1
6/10/2014,11419,Tuesday,4,6,2014,NA,NA,NA,NA,0
6/11/2014,11419,Wednesday,5,6,2014,NA,NA,NA,NA,1
6/12/2014,11419,Thursday,6,6,2014,NA,NA,NA,NA,1
6/13/2014,11419,Friday,7,6,2014,NA,NA,NA,NA,1
6/14/2014,11420,Saturday,1,6,2014,NA,NA,NA,NA,0
6/15/2014,11420,Sunday,2,6,2014,NBAFinalsEnd,Sporting,Father's day,Cultural,1
6/16/2014,11420,Monday,3,6,2014,NA,NA,NA,NA,0
6/17/2014,11420,Tuesday,4,6,2014,NA,NA,NA,NA,0
6/18/2014,11420,Wednesday,5,6,2014,NA,NA,NA,NA,0
6/19/2014,11420,Thursday,6,6,2014,NA,NA,NA,NA,0
6/20/2014,11420,Friday,7,6,2014,NA,NA,NA,NA,0
6/21/2014,11421,Saturday,1,6,2014,NA,NA,NA,NA,0
6/22/2014,11421,Sunday,2,6,2014,NA,NA,NA,NA,0
6/23/2014,11421,Monday,3,6,2014,NA,NA,NA,NA,0
6/24/2014,11421,Tuesday,4,6,2014,NA,NA,NA,NA,0
6/25/2014,11421,Wednesday,5,6,2014,NA,NA,NA,NA,0
6/26/2014,11421,Thursday,6,6,2014,NA,NA,NA,NA,0
6/27/2014,11421,Friday,7,6,2014,NA,NA,NA,NA,0
6/28/2014,11422,Saturday,1,6,2014,NA,NA,NA,NA,0
6/29/2014,11422,Sunday,2,6,2014,Ramadan starts,Religious,NA,NA,0
6/30/2014,11422,Monday,3,6,2014,NA,NA,NA,NA,0
7/1/2014,11422,Tuesday,4,7,2014,NA,NA,NA,NA,1
7/2/2014,11422,Wednesday,5,7,2014,NA,NA,NA,NA,0
7/3/2014,11422,Thursday,6,7,2014,NA,NA,NA,NA,1
7/4/2014,11422,Friday,7,7,2014,IndependenceDay,National,NA,NA,0
7/5/2014,11423,Saturday,1,7,2014,NA,NA,NA,NA,1
7/6/2014,11423,Sunday,2,7,2014,NA,NA,NA,NA,1
7/7/2014,11423,Monday,3,7,2014,NA,NA,NA,NA,1
7/8/2014,11423,Tuesday,4,7,2014,NA,NA,NA,NA,0
7/9/2014,11423,Wednesday,5,7,2014,NA,NA,NA,NA,1
7/10/2014,11423,Thursday,6,7,2014,NA,NA,NA,NA,0
7/11/2014,11423,Friday,7,7,2014,NA,NA,NA,NA,1
7/12/2014,11424,Saturday,1,7,2014,NA,NA,NA,NA,1
7/13/2014,11424,Sunday,2,7,2014,NA,NA,NA,NA,1
7/14/2014,11424,Monday,3,7,2014,NA,NA,NA,NA,0
7/15/2014,11424,Tuesday,4,7,2014,NA,NA,NA,NA,1
7/16/2014,11424,Wednesday,5,7,2014,NA,NA,NA,NA,0
7/17/2014,11424,Thursday,6,7,2014,NA,NA,NA,NA,0
7/18/2014,11424,Friday,7,7,2014,NA,NA,NA,NA,0
7/19/2014,11425,Saturday,1,7,2014,NA,NA,NA,NA,0
7/20/2014,11425,Sunday,2,7,2014,NA,NA,NA,NA,0
7/21/2014,11425,Monday,3,7,2014,NA,NA,NA,NA,0
7/22/2014,11425,Tuesday,4,7,2014,NA,NA,NA,NA,0
7/23/2014,11425,Wednesday,5,7,2014,NA,NA,NA,NA,0
7/24/2014,11425,Thursday,6,7,2014,NA,NA,NA,NA,0
7/25/2014,11425,Friday,7,7,2014,NA,NA,NA,NA,0
7/26/2014,11426,Saturday,1,7,2014,NA,NA,NA,NA,0
7/27/2014,11426,Sunday,2,7,2014,NA,NA,NA,NA,0
7/28/2014,11426,Monday,3,7,2014,NA,NA,NA,NA,0
7/29/2014,11426,Tuesday,4,7,2014,Eid al-Fitr,Religious,NA,NA,0
7/30/2014,11426,Wednesday,5,7,2014,NA,NA,NA,NA,0
7/31/2014,11426,Thursday,6,7,2014,NA,NA,NA,NA,0
8/1/2014,11426,Friday,7,8,2014,NA,NA,NA,NA,1
8/2/2014,11427,Saturday,1,8,2014,NA,NA,NA,NA,0
8/3/2014,11427,Sunday,2,8,2014,NA,NA,NA,NA,1
8/4/2014,11427,Monday,3,8,2014,NA,NA,NA,NA,0
8/5/2014,11427,Tuesday,4,8,2014,NA,NA,NA,NA,1
8/6/2014,11427,Wednesday,5,8,2014,NA,NA,NA,NA,1
8/7/2014,11427,Thursday,6,8,2014,NA,NA,NA,NA,1
8/8/2014,11427,Friday,7,8,2014,NA,NA,NA,NA,0
8/9/2014,11428,Saturday,1,8,2014,NA,NA,NA,NA,1
8/10/2014,11428,Sunday,2,8,2014,NA,NA,NA,NA,0
8/11/2014,11428,Monday,3,8,2014,NA,NA,NA,NA,1
8/12/2014,11428,Tuesday,4,8,2014,NA,NA,NA,NA,1
8/13/2014,11428,Wednesday,5,8,2014,NA,NA,NA,NA,1
8/14/2014,11428,Thursday,6,8,2014,NA,NA,NA,NA,0
8/15/2014,11428,Friday,7,8,2014,NA,NA,NA,NA,1
8/16/2014,11429,Saturday,1,8,2014,NA,NA,NA,NA,0
8/17/2014,11429,Sunday,2,8,2014,NA,NA,NA,NA,0
8/18/2014,11429,Monday,3,8,2014,NA,NA,NA,NA,0
8/19/2014,11429,Tuesday,4,8,2014,NA,NA,NA,NA,0
8/20/2014,11429,Wednesday,5,8,2014,NA,NA,NA,NA,0
8/21/2014,11429,Thursday,6,8,2014,NA,NA,NA,NA,0
8/22/2014,11429,Friday,7,8,2014,NA,NA,NA,NA,0
8/23/2014,11430,Saturday,1,8,2014,NA,NA,NA,NA,0
8/24/2014,11430,Sunday,2,8,2014,NA,NA,NA,NA,0
8/25/2014,11430,Monday,3,8,2014,NA,NA,NA,NA,0
8/26/2014,11430,Tuesday,4,8,2014,NA,NA,NA,NA,0
8/27/2014,11430,Wednesday,5,8,2014,NA,NA,NA,NA,0
8/28/2014,11430,Thursday,6,8,2014,NA,NA,NA,NA,0
8/29/2014,11430,Friday,7,8,2014,NA,NA,NA,NA,0
8/30/2014,11431,Saturday,1,8,2014,NA,NA,NA,NA,0
8/31/2014,11431,Sunday,2,8,2014,NA,NA,NA,NA,0
9/1/2014,11431,Monday,3,9,2014,LaborDay,National,NA,NA,1
9/2/2014,11431,Tuesday,4,9,2014,NA,NA,NA,NA,0
9/3/2014,11431,Wednesday,5,9,2014,NA,NA,NA,NA,1
9/4/2014,11431,Thursday,6,9,2014,NA,NA,NA,NA,0
9/5/2014,11431,Friday,7,9,2014,NA,NA,NA,NA,1
9/6/2014,11432,Saturday,1,9,2014,NA,NA,NA,NA,1
9/7/2014,11432,Sunday,2,9,2014,NA,NA,NA,NA,1
9/8/2014,11432,Monday,3,9,2014,NA,NA,NA,NA,0
9/9/2014,11432,Tuesday,4,9,2014,NA,NA,NA,NA,1
9/10/2014,11432,Wednesday,5,9,2014,NA,NA,NA,NA,0
9/11/2014,11432,Thursday,6,9,2014,NA,NA,NA,NA,1
9/12/2014,11432,Friday,7,9,2014,NA,NA,NA,NA,1
9/13/2014,11433,Saturday,1,9,2014,NA,NA,NA,NA,1
9/14/2014,11433,Sunday,2,9,2014,NA,NA,NA,NA,0
9/15/2014,11433,Monday,3,9,2014,NA,NA,NA,NA,1
9/16/2014,11433,Tuesday,4,9,2014,NA,NA,NA,NA,0
9/17/2014,11433,Wednesday,5,9,2014,NA,NA,NA,NA,0
9/18/2014,11433,Thursday,6,9,2014,NA,NA,NA,NA,0
9/19/2014,11433,Friday,7,9,2014,NA,NA,NA,NA,0
9/20/2014,11434,Saturday,1,9,2014,NA,NA,NA,NA,0
9/21/2014,11434,Sunday,2,9,2014,NA,NA,NA,NA,0
9/22/2014,11434,Monday,3,9,2014,NA,NA,NA,NA,0
9/23/2014,11434,Tuesday,4,9,2014,NA,NA,NA,NA,0
9/24/2014,11434,Wednesday,5,9,2014,NA,NA,NA,NA,0
9/25/2014,11434,Thursday,6,9,2014,NA,NA,NA,NA,0
9/26/2014,11434,Friday,7,9,2014,NA,NA,NA,NA,0
9/27/2014,11435,Saturday,1,9,2014,NA,NA,NA,NA,0
9/28/2014,11435,Sunday,2,9,2014,NA,NA,NA,NA,0
9/29/2014,11435,Monday,3,9,2014,NA,NA,NA,NA,0
9/30/2014,11435,Tuesday,4,9,2014,NA,NA,NA,NA,0
10/1/2014,11435,Wednesday,5,10,2014,NA,NA,NA,NA,1
10/2/2014,11435,Thursday,6,10,2014,NA,NA,NA,NA,0
10/3/2014,11435,Friday,7,10,2014,NA,NA,NA,NA,1
10/4/2014,11436,Saturday,1,10,2014,EidAlAdha,Religious,NA,NA,0
10/5/2014,11436,Sunday,2,10,2014,NA,NA,NA,NA,1
10/6/2014,11436,Monday,3,10,2014,NA,NA,NA,NA,1
10/7/2014,11436,Tuesday,4,10,2014,NA,NA,NA,NA,1
10/8/2014,11436,Wednesday,5,10,2014,NA,NA,NA,NA,0
10/9/2014,11436,Thursday,6,10,2014,NA,NA,NA,NA,1
10/10/2014,11436,Friday,7,10,2014,NA,NA,NA,NA,0
10/11/2014,11437,Saturday,1,10,2014,NA,NA,NA,NA,1
10/12/2014,11437,Sunday,2,10,2014,NA,NA,NA,NA,1
10/13/2014,11437,Monday,3,10,2014,ColumbusDay,National,NA,NA,1
10/14/2014,11437,Tuesday,4,10,2014,NA,NA,NA,NA,0
10/15/2014,11437,Wednesday,5,10,2014,NA,NA,NA,NA,1
10/16/2014,11437,Thursday,6,10,2014,NA,NA,NA,NA,0
10/17/2014,11437,Friday,7,10,2014,NA,NA,NA,NA,0
10/18/2014,11438,Saturday,1,10,2014,NA,NA,NA,NA,0
10/19/2014,11438,Sunday,2,10,2014,NA,NA,NA,NA,0
10/20/2014,11438,Monday,3,10,2014,NA,NA,NA,NA,0
10/21/2014,11438,Tuesday,4,10,2014,NA,NA,NA,NA,0
10/22/2014,11438,Wednesday,5,10,2014,NA,NA,NA,NA,0
10/23/2014,11438,Thursday,6,10,2014,NA,NA,NA,NA,0
10/24/2014,11438,Friday,7,10,2014,NA,NA,NA,NA,0
10/25/2014,11439,Saturday,1,10,2014,NA,NA,NA,NA,0
10/26/2014,11439,Sunday,2,10,2014,NA,NA,NA,NA,0
10/27/2014,11439,Monday,3,10,2014,NA,NA,NA,NA,0
10/28/2014,11439,Tuesday,4,10,2014,NA,NA,NA,NA,0
10/29/2014,11439,Wednesday,5,10,2014,NA,NA,NA,NA,0
10/30/2014,11439,Thursday,6,10,2014,NA,NA,NA,NA,0
10/31/2014,11439,Friday,7,10,2014,Halloween,Cultural,NA,NA,0
11/1/2014,11440,Saturday,1,11,2014,NA,NA,NA,NA,1
11/2/2014,11440,Sunday,2,11,2014,NA,NA,NA,NA,0
11/3/2014,11440,Monday,3,11,2014,NA,NA,NA,NA,1
11/4/2014,11440,Tuesday,4,11,2014,NA,NA,NA,NA,0
11/5/2014,11440,Wednesday,5,11,2014,NA,NA,NA,NA,1
11/6/2014,11440,Thursday,6,11,2014,NA,NA,NA,NA,1
11/7/2014,11440,Friday,7,11,2014,NA,NA,NA,NA,1
11/8/2014,11441,Saturday,1,11,2014,NA,NA,NA,NA,0
11/9/2014,11441,Sunday,2,11,2014,NA,NA,NA,NA,1
11/10/2014,11441,Monday,3,11,2014,NA,NA,NA,NA,0
11/11/2014,11441,Tuesday,4,11,2014,VeteransDay,National,NA,NA,1
11/12/2014,11441,Wednesday,5,11,2014,NA,NA,NA,NA,1
11/13/2014,11441,Thursday,6,11,2014,NA,NA,NA,NA,1
11/14/2014,11441,Friday,7,11,2014,NA,NA,NA,NA,0
11/15/2014,11442,Saturday,1,11,2014,NA,NA,NA,NA,1
11/16/2014,11442,Sunday,2,11,2014,NA,NA,NA,NA,0
11/17/2014,11442,Monday,3,11,2014,NA,NA,NA,NA,0
11/18/2014,11442,Tuesday,4,11,2014,NA,NA,NA,NA,0
11/19/2014,11442,Wednesday,5,11,2014,NA,NA,NA,NA,0
11/20/2014,11442,Thursday,6,11,2014,NA,NA,NA,NA,0
11/21/2014,11442,Friday,7,11,2014,NA,NA,NA,NA,0
11/22/2014,11443,Saturday,1,11,2014,NA,NA,NA,NA,0
11/23/2014,11443,Sunday,2,11,2014,NA,NA,NA,NA,0
11/24/2014,11443,Monday,3,11,2014,NA,NA,NA,NA,0
11/25/2014,11443,Tuesday,4,11,2014,NA,NA,NA,NA,0
11/26/2014,11443,Wednesday,5,11,2014,NA,NA,NA,NA,0
11/27/2014,11443,Thursday,6,11,2014,Thanksgiving,National,NA,NA,0
11/28/2014,11443,Friday,7,11,2014,NA,NA,NA,NA,0
11/29/2014,11444,Saturday,1,11,2014,NA,NA,NA,NA,0
11/30/2014,11444,Sunday,2,11,2014,NA,NA,NA,NA,0
12/1/2014,11444,Monday,3,12,2014,NA,NA,NA,NA,1
12/2/2014,11444,Tuesday,4,12,2014,NA,NA,NA,NA,0
12/3/2014,11444,Wednesday,5,12,2014,NA,NA,NA,NA,1
12/4/2014,11444,Thursday,6,12,2014,NA,NA,NA,NA,0
12/5/2014,11444,Friday,7,12,2014,NA,NA,NA,NA,1
12/6/2014,11445,Saturday,1,12,2014,NA,NA,NA,NA,1
12/7/2014,11445,Sunday,2,12,2014,NA,NA,NA,NA,1
12/8/2014,11445,Monday,3,12,2014,NA,NA,NA,NA,0
12/9/2014,11445,Tuesday,4,12,2014,NA,NA,NA,NA,1
12/10/2014,11445,Wednesday,5,12,2014,NA,NA,NA,NA,0
12/11/2014,11445,Thursday,6,12,2014,NA,NA,NA,NA,1
12/12/2014,11445,Friday,7,12,2014,NA,NA,NA,NA,1
12/13/2014,11446,Saturday,1,12,2014,NA,NA,NA,NA,1
12/14/2014,11446,Sunday,2,12,2014,NA,NA,NA,NA,0
12/15/2014,11446,Monday,3,12,2014,NA,NA,NA,NA,1
12/16/2014,11446,Tuesday,4,12,2014,NA,NA,NA,NA,0
12/17/2014,11446,Wednesday,5,12,2014,NA,NA,NA,NA,0
12/18/2014,11446,Thursday,6,12,2014,NA,NA,NA,NA,0
12/19/2014,11446,Friday,7,12,2014,NA,NA,NA,NA,0
12/20/2014,11447,Saturday,1,12,2014,NA,NA,NA,NA,0
12/21/2014,11447,Sunday,2,12,2014,NA,NA,NA,NA,0
12/22/2014,11447,Monday,3,12,2014,NA,NA,NA,NA,0
12/23/2014,11447,Tuesday,4,12,2014,NA,NA,NA,NA,0
12/24/2014,11447,Wednesday,5,12,2014,Chanukah End,Religious,NA,NA,0
12/25/2014,11447,Thursday,6,12,2014,Christmas,National,NA,NA,0
12/26/2014,11447,Friday,7,12,2014,NA,NA,NA,NA,0
12/27/2014,11448,Saturday,1,12,2014,NA,NA,NA,NA,0
12/28/2014,11448,Sunday,2,12,2014,NA,NA,NA,NA,0
12/29/2014,11448,Monday,3,12,2014,NA,NA,NA,NA,0
12/30/2014,11448,Tuesday,4,12,2014,NA,NA,NA,NA,0
12/31/2014,11448,Wednesday,5,12,2014,NA,NA,NA,NA,0
1/1/2015,11448,Thursday,6,1,2015,NewYear,National,NA,NA,1
1/2/2015,11448,Friday,7,1,2015,NA,NA,NA,NA,0
1/3/2015,11449,Saturday,1,1,2015,NA,NA,NA,NA,1
1/4/2015,11449,Sunday,2,1,2015,NA,NA,NA,NA,0
1/5/2015,11449,Monday,3,1,2015,NA,NA,NA,NA,1
1/6/2015,11449,Tuesday,4,1,2015,NA,NA,NA,NA,1
1/7/2015,11449,Wednesday,5,1,2015,OrthodoxChristmas,Religious,NA,NA,1
1/8/2015,11449,Thursday,6,1,2015,NA,NA,NA,NA,0
1/9/2015,11449,Friday,7,1,2015,NA,NA,NA,NA,1
1/10/2015,11450,Saturday,1,1,2015,NA,NA,NA,NA,0
1/11/2015,11450,Sunday,2,1,2015,NA,NA,NA,NA,1
1/12/2015,11450,Monday,3,1,2015,NA,NA,NA,NA,1
1/13/2015,11450,Tuesday,4,1,2015,NA,NA,NA,NA,1
1/14/2015,11450,Wednesday,5,1,2015,NA,NA,NA,NA,0
1/15/2015,11450,Thursday,6,1,2015,NA,NA,NA,NA,1
1/16/2015,11450,Friday,7,1,2015,NA,NA,NA,NA,0
1/17/2015,11451,Saturday,1,1,2015,NA,NA,NA,NA,0
1/18/2015,11451,Sunday,2,1,2015,NA,NA,NA,NA,0
1/19/2015,11451,Monday,3,1,2015,MartinLutherKingDay,National,NA,NA,0
1/20/2015,11451,Tuesday,4,1,2015,NA,NA,NA,NA,0
1/21/2015,11451,Wednesday,5,1,2015,NA,NA,NA,NA,0
1/22/2015,11451,Thursday,6,1,2015,NA,NA,NA,NA,0
1/23/2015,11451,Friday,7,1,2015,NA,NA,NA,NA,0
1/24/2015,11452,Saturday,1,1,2015,NA,NA,NA,NA,0
1/25/2015,11452,Sunday,2,1,2015,NA,NA,NA,NA,0
1/26/2015,11452,Monday,3,1,2015,NA,NA,NA,NA,0
1/27/2015,11452,Tuesday,4,1,2015,NA,NA,NA,NA,0
1/28/2015,11452,Wednesday,5,1,2015,NA,NA,NA,NA,0
1/29/2015,11452,Thursday,6,1,2015,NA,NA,NA,NA,0
1/30/2015,11452,Friday,7,1,2015,NA,NA,NA,NA,0
1/31/2015,11501,Saturday,1,1,2015,NA,NA,NA,NA,0
2/1/2015,11501,Sunday,2,2,2015,SuperBowl,Sporting,NA,NA,1
2/2/2015,11501,Monday,3,2,2015,NA,NA,NA,NA,0
2/3/2015,11501,Tuesday,4,2,2015,NA,NA,NA,NA,1
2/4/2015,11501,Wednesday,5,2,2015,NA,NA,NA,NA,0
2/5/2015,11501,Thursday,6,2,2015,NA,NA,NA,NA,1
2/6/2015,11501,Friday,7,2,2015,NA,NA,NA,NA,1
2/7/2015,11502,Saturday,1,2,2015,NA,NA,NA,NA,1
2/8/2015,11502,Sunday,2,2,2015,NA,NA,NA,NA,0
2/9/2015,11502,Monday,3,2,2015,NA,NA,NA,NA,1
2/10/2015,11502,Tuesday,4,2,2015,NA,NA,NA,NA,0
2/11/2015,11502,Wednesday,5,2,2015,NA,NA,NA,NA,1
2/12/2015,11502,Thursday,6,2,2015,NA,NA,NA,NA,1
2/13/2015,11502,Friday,7,2,2015,NA,NA,NA,NA,1
2/14/2015,11503,Saturday,1,2,2015,ValentinesDay,Cultural,NA,NA,0
2/15/2015,11503,Sunday,2,2,2015,NA,NA,NA,NA,1
2/16/2015,11503,Monday,3,2,2015,PresidentsDay,National,NA,NA,0
2/17/2015,11503,Tuesday,4,2,2015,NA,NA,NA,NA,0
2/18/2015,11503,Wednesday,5,2,2015,LentStart,Religious,NA,NA,0
2/19/2015,11503,Thursday,6,2,2015,NA,NA,NA,NA,0
2/20/2015,11503,Friday,7,2,2015,NA,NA,NA,NA,0
2/21/2015,11504,Saturday,1,2,2015,NA,NA,NA,NA,0
2/22/2015,11504,Sunday,2,2,2015,NA,NA,NA,NA,0
2/23/2015,11504,Monday,3,2,2015,NA,NA,NA,NA,0
2/24/2015,11504,Tuesday,4,2,2015,NA,NA,NA,NA,0
2/25/2015,11504,Wednesday,5,2,2015,LentWeek2,Religious,NA,NA,0
2/26/2015,11504,Thursday,6,2,2015,NA,NA,NA,NA,0
2/27/2015,11504,Friday,7,2,2015,NA,NA,NA,NA,0
2/28/2015,11505,Saturday,1,2,2015,NA,NA,NA,NA,0
3/1/2015,11505,Sunday,2,3,2015,NA,NA,NA,NA,1
3/2/2015,11505,Monday,3,3,2015,NA,NA,NA,NA,0
3/3/2015,11505,Tuesday,4,3,2015,NA,NA,NA,NA,1
3/4/2015,11505,Wednesday,5,3,2015,NA,NA,NA,NA,0
3/5/2015,11505,Thursday,6,3,2015,Purim End,Religious,NA,NA,1
3/6/2015,11505,Friday,7,3,2015,NA,NA,NA,NA,1
3/7/2015,11506,Saturday,1,3,2015,NA,NA,NA,NA,1
3/8/2015,11506,Sunday,2,3,2015,NA,NA,NA,NA,0
3/9/2015,11506,Monday,3,3,2015,NA,NA,NA,NA,1
3/10/2015,11506,Tuesday,4,3,2015,NA,NA,NA,NA,0
3/11/2015,11506,Wednesday,5,3,2015,NA,NA,NA,NA,1
3/12/2015,11506,Thursday,6,3,2015,NA,NA,NA,NA,1
3/13/2015,11506,Friday,7,3,2015,NA,NA,NA,NA,1
3/14/2015,11507,Saturday,1,3,2015,NA,NA,NA,NA,0
3/15/2015,11507,Sunday,2,3,2015,NA,NA,NA,NA,1
3/16/2015,11507,Monday,3,3,2015,NA,NA,NA,NA,0
3/17/2015,11507,Tuesday,4,3,2015,StPatricksDay,Cultural,NA,NA,0
3/18/2015,11507,Wednesday,5,3,2015,NA,NA,NA,NA,0
3/19/2015,11507,Thursday,6,3,2015,NA,NA,NA,NA,0
3/20/2015,11507,Friday,7,3,2015,NA,NA,NA,NA,0
3/21/2015,11508,Saturday,1,3,2015,NA,NA,NA,NA,0
3/22/2015,11508,Sunday,2,3,2015,NA,NA,NA,NA,0
3/23/2015,11508,Monday,3,3,2015,NA,NA,NA,NA,0
3/24/2015,11508,Tuesday,4,3,2015,NA,NA,NA,NA,0
3/25/2015,11508,Wednesday,5,3,2015,NA,NA,NA,NA,0
3/26/2015,11508,Thursday,6,3,2015,NA,NA,NA,NA,0
3/27/2015,11508,Friday,7,3,2015,NA,NA,NA,NA,0
3/28/2015,11509,Saturday,1,3,2015,NA,NA,NA,NA,0
3/29/2015,11509,Sunday,2,3,2015,NA,NA,NA,NA,0
3/30/2015,11509,Monday,3,3,2015,NA,NA,NA,NA,0
3/31/2015,11509,Tuesday,4,3,2015,NA,NA,NA,NA,0
4/1/2015,11509,Wednesday,5,4,2015,NA,NA,NA,NA,1
4/2/2015,11509,Thursday,6,4,2015,NA,NA,NA,NA,0
4/3/2015,11509,Friday,7,4,2015,NA,NA,NA,NA,1
4/4/2015,11510,Saturday,1,4,2015,NA,NA,NA,NA,0
4/5/2015,11510,Sunday,2,4,2015,Easter,Cultural,NA,NA,1
4/6/2015,11510,Monday,3,4,2015,NA,NA,NA,NA,1
4/7/2015,11510,Tuesday,4,4,2015,NA,NA,NA,NA,1
4/8/2015,11510,Wednesday,5,4,2015,NA,NA,NA,NA,0
4/9/2015,11510,Thursday,6,4,2015,NA,NA,NA,NA,1
4/10/2015,11510,Friday,7,4,2015,NA,NA,NA,NA,0
4/11/2015,11511,Saturday,1,4,2015,Pesach End,Religious,NA,NA,1
4/12/2015,11511,Sunday,2,4,2015,OrthodoxEaster,Religious,NA,NA,1
4/13/2015,11511,Monday,3,4,2015,NA,NA,NA,NA,1
4/14/2015,11511,Tuesday,4,4,2015,NA,NA,NA,NA,0
4/15/2015,11511,Wednesday,5,4,2015,NA,NA,NA,NA,1
4/16/2015,11511,Thursday,6,4,2015,NA,NA,NA,NA,0
4/17/2015,11511,Friday,7,4,2015,NA,NA,NA,NA,0
4/18/2015,11512,Saturday,1,4,2015,NA,NA,NA,NA,0
4/19/2015,11512,Sunday,2,4,2015,NA,NA,NA,NA,0
4/20/2015,11512,Monday,3,4,2015,NA,NA,NA,NA,0
4/21/2015,11512,Tuesday,4,4,2015,NA,NA,NA,NA,0
4/22/2015,11512,Wednesday,5,4,2015,NA,NA,NA,NA,0
4/23/2015,11512,Thursday,6,4,2015,NA,NA,NA,NA,0
4/24/2015,11512,Friday,7,4,2015,NA,NA,NA,NA,0
4/25/2015,11513,Saturday,1,4,2015,NA,NA,NA,NA,0
4/26/2015,11513,Sunday,2,4,2015,NA,NA,NA,NA,0
4/27/2015,11513,Monday,3,4,2015,NA,NA,NA,NA,0
4/28/2015,11513,Tuesday,4,4,2015,NA,NA,NA,NA,0
4/29/2015,11513,Wednesday,5,4,2015,NA,NA,NA,NA,0
4/30/2015,11513,Thursday,6,4,2015,NA,NA,NA,NA,0
5/1/2015,11513,Friday,7,5,2015,NA,NA,NA,NA,1
5/2/2015,11514,Saturday,1,5,2015,NA,NA,NA,NA,0
5/3/2015,11514,Sunday,2,5,2015,NA,NA,NA,NA,1
5/4/2015,11514,Monday,3,5,2015,NA,NA,NA,NA,0
5/5/2015,11514,Tuesday,4,5,2015,Cinco De Mayo,Cultural,NA,NA,1
5/6/2015,11514,Wednesday,5,5,2015,NA,NA,NA,NA,1
5/7/2015,11514,Thursday,6,5,2015,NA,NA,NA,NA,1
5/8/2015,11514,Friday,7,5,2015,NA,NA,NA,NA,0
5/9/2015,11515,Saturday,1,5,2015,NA,NA,NA,NA,1
5/10/2015,11515,Sunday,2,5,2015,Mother's day,Cultural,NA,NA,0
5/11/2015,11515,Monday,3,5,2015,NA,NA,NA,NA,1
5/12/2015,11515,Tuesday,4,5,2015,NA,NA,NA,NA,1
5/13/2015,11515,Wednesday,5,5,2015,NA,NA,NA,NA,1
5/14/2015,11515,Thursday,6,5,2015,NA,NA,NA,NA,0
5/15/2015,11515,Friday,7,5,2015,NA,NA,NA,NA,1
5/16/2015,11516,Saturday,1,5,2015,NA,NA,NA,NA,0
5/17/2015,11516,Sunday,2,5,2015,NA,NA,NA,NA,0
5/18/2015,11516,Monday,3,5,2015,NA,NA,NA,NA,0
5/19/2015,11516,Tuesday,4,5,2015,NA,NA,NA,NA,0
5/20/2015,11516,Wednesday,5,5,2015,NA,NA,NA,NA,0
5/21/2015,11516,Thursday,6,5,2015,NA,NA,NA,NA,0
5/22/2015,11516,Friday,7,5,2015,NA,NA,NA,NA,0
5/23/2015,11517,Saturday,1,5,2015,NA,NA,NA,NA,0
5/24/2015,11517,Sunday,2,5,2015,NA,NA,NA,NA,0
5/25/2015,11517,Monday,3,5,2015,MemorialDay,National,NA,NA,0
5/26/2015,11517,Tuesday,4,5,2015,NA,NA,NA,NA,0
5/27/2015,11517,Wednesday,5,5,2015,NA,NA,NA,NA,0
5/28/2015,11517,Thursday,6,5,2015,NA,NA,NA,NA,0
5/29/2015,11517,Friday,7,5,2015,NA,NA,NA,NA,0
5/30/2015,11518,Saturday,1,5,2015,NA,NA,NA,NA,0
5/31/2015,11518,Sunday,2,5,2015,NA,NA,NA,NA,0
6/1/2015,11518,Monday,3,6,2015,NA,NA,NA,NA,1
6/2/2015,11518,Tuesday,4,6,2015,NA,NA,NA,NA,0
6/3/2015,11518,Wednesday,5,6,2015,NA,NA,NA,NA,1
6/4/2015,11518,Thursday,6,6,2015,NBAFinalsStart,Sporting,NA,NA,0
6/5/2015,11518,Friday,7,6,2015,NA,NA,NA,NA,1
6/6/2015,11519,Saturday,1,6,2015,NA,NA,NA,NA,1
6/7/2015,11519,Sunday,2,6,2015,NA,NA,NA,NA,1
6/8/2015,11519,Monday,3,6,2015,NA,NA,NA,NA,0
6/9/2015,11519,Tuesday,4,6,2015,NA,NA,NA,NA,1
6/10/2015,11519,Wednesday,5,6,2015,NA,NA,NA,NA,0
6/11/2015,11519,Thursday,6,6,2015,NA,NA,NA,NA,1
6/12/2015,11519,Friday,7,6,2015,NA,NA,NA,NA,1
6/13/2015,11520,Saturday,1,6,2015,NA,NA,NA,NA,1
6/14/2015,11520,Sunday,2,6,2015,NA,NA,NA,NA,0
6/15/2015,11520,Monday,3,6,2015,NA,NA,NA,NA,1
6/16/2015,11520,Tuesday,4,6,2015,NBAFinalsEnd,Sporting,NA,NA,0
6/17/2015,11520,Wednesday,5,6,2015,NA,NA,NA,NA,0
6/18/2015,11520,Thursday,6,6,2015,Ramadan starts,Religious,NA,NA,0
6/19/2015,11520,Friday,7,6,2015,NA,NA,NA,NA,0
6/20/2015,11521,Saturday,1,6,2015,NA,NA,NA,NA,0
6/21/2015,11521,Sunday,2,6,2015,Father's day,Cultural,NA,NA,0
6/22/2015,11521,Monday,3,6,2015,NA,NA,NA,NA,0
6/23/2015,11521,Tuesday,4,6,2015,NA,NA,NA,NA,0
6/24/2015,11521,Wednesday,5,6,2015,NA,NA,NA,NA,0
6/25/2015,11521,Thursday,6,6,2015,NA,NA,NA,NA,0
6/26/2015,11521,Friday,7,6,2015,NA,NA,NA,NA,0
6/27/2015,11522,Saturday,1,6,2015,NA,NA,NA,NA,0
6/28/2015,11522,Sunday,2,6,2015,NA,NA,NA,NA,0
6/29/2015,11522,Monday,3,6,2015,NA,NA,NA,NA,0
6/30/2015,11522,Tuesday,4,6,2015,NA,NA,NA,NA,0
7/1/2015,11522,Wednesday,5,7,2015,NA,NA,NA,NA,1
7/2/2015,11522,Thursday,6,7,2015,NA,NA,NA,NA,0
7/3/2015,11522,Friday,7,7,2015,NA,NA,NA,NA,1
7/4/2015,11523,Saturday,1,7,2015,IndependenceDay,National,NA,NA,0
7/5/2015,11523,Sunday,2,7,2015,NA,NA,NA,NA,1
7/6/2015,11523,Monday,3,7,2015,NA,NA,NA,NA,1
7/7/2015,11523,Tuesday,4,7,2015,NA,NA,NA,NA,1
7/8/2015,11523,Wednesday,5,7,2015,NA,NA,NA,NA,0
7/9/2015,11523,Thursday,6,7,2015,NA,NA,NA,NA,1
7/10/2015,11523,Friday,7,7,2015,NA,NA,NA,NA,0
7/11/2015,11524,Saturday,1,7,2015,NA,NA,NA,NA,1
7/12/2015,11524,Sunday,2,7,2015,NA,NA,NA,NA,1
7/13/2015,11524,Monday,3,7,2015,NA,NA,NA,NA,1
7/14/2015,11524,Tuesday,4,7,2015,NA,NA,NA,NA,0
7/15/2015,11524,Wednesday,5,7,2015,NA,NA,NA,NA,1
7/16/2015,11524,Thursday,6,7,2015,NA,NA,NA,NA,0
7/17/2015,11524,Friday,7,7,2015,NA,NA,NA,NA,0
7/18/2015,11525,Saturday,1,7,2015,Eid al-Fitr,Religious,NA,NA,0
7/19/2015,11525,Sunday,2,7,2015,NA,NA,NA,NA,0
7/20/2015,11525,Monday,3,7,2015,NA,NA,NA,NA,0
7/21/2015,11525,Tuesday,4,7,2015,NA,NA,NA,NA,0
7/22/2015,11525,Wednesday,5,7,2015,NA,NA,NA,NA,0
7/23/2015,11525,Thursday,6,7,2015,NA,NA,NA,NA,0
7/24/2015,11525,Friday,7,7,2015,NA,NA,NA,NA,0
7/25/2015,11526,Saturday,1,7,2015,NA,NA,NA,NA,0
7/26/2015,11526,Sunday,2,7,2015,NA,NA,NA,NA,0
7/27/2015,11526,Monday,3,7,2015,NA,NA,NA,NA,0
7/28/2015,11526,Tuesday,4,7,2015,NA,NA,NA,NA,0
7/29/2015,11526,Wednesday,5,7,2015,NA,NA,NA,NA,0
7/30/2015,11526,Thursday,6,7,2015,NA,NA,NA,NA,0
7/31/2015,11526,Friday,7,7,2015,NA,NA,NA,NA,0
8/1/2015,11527,Saturday,1,8,2015,NA,NA,NA,NA,1
8/2/2015,11527,Sunday,2,8,2015,NA,NA,NA,NA,0
8/3/2015,11527,Monday,3,8,2015,NA,NA,NA,NA,1
8/4/2015,11527,Tuesday,4,8,2015,NA,NA,NA,NA,0
8/5/2015,11527,Wednesday,5,8,2015,NA,NA,NA,NA,1
8/6/2015,11527,Thursday,6,8,2015,NA,NA,NA,NA,1
8/7/2015,11527,Friday,7,8,2015,NA,NA,NA,NA,1
8/8/2015,11528,Saturday,1,8,2015,NA,NA,NA,NA,0
8/9/2015,11528,Sunday,2,8,2015,NA,NA,NA,NA,1
8/10/2015,11528,Monday,3,8,2015,NA,NA,NA,NA,0
8/11/2015,11528,Tuesday,4,8,2015,NA,NA,NA,NA,1
8/12/2015,11528,Wednesday,5,8,2015,NA,NA,NA,NA,1
8/13/2015,11528,Thursday,6,8,2015,NA,NA,NA,NA,1
8/14/2015,11528,Friday,7,8,2015,NA,NA,NA,NA,0
8/15/2015,11529,Saturday,1,8,2015,NA,NA,NA,NA,1
8/16/2015,11529,Sunday,2,8,2015,NA,NA,NA,NA,0
8/17/2015,11529,Monday,3,8,2015,NA,NA,NA,NA,0
8/18/2015,11529,Tuesday,4,8,2015,NA,NA,NA,NA,0
8/19/2015,11529,Wednesday,5,8,2015,NA,NA,NA,NA,0
8/20/2015,11529,Thursday,6,8,2015,NA,NA,NA,NA,0
8/21/2015,11529,Friday,7,8,2015,NA,NA,NA,NA,0
8/22/2015,11530,Saturday,1,8,2015,NA,NA,NA,NA,0
8/23/2015,11530,Sunday,2,8,2015,NA,NA,NA,NA,0
8/24/2015,11530,Monday,3,8,2015,NA,NA,NA,NA,0
8/25/2015,11530,Tuesday,4,8,2015,NA,NA,NA,NA,0
8/26/2015,11530,Wednesday,5,8,2015,NA,NA,NA,NA,0
8/27/2015,11530,Thursday,6,8,2015,NA,NA,NA,NA,0
8/28/2015,11530,Friday,7,8,2015,NA,NA,NA,NA,0
8/29/2015,11531,Saturday,1,8,2015,NA,NA,NA,NA,0
8/30/2015,11531,Sunday,2,8,2015,NA,NA,NA,NA,0
8/31/2015,11531,Monday,3,8,2015,NA,NA,NA,NA,0
9/1/2015,11531,Tuesday,4,9,2015,NA,NA,NA,NA,1
9/2/2015,11531,Wednesday,5,9,2015,NA,NA,NA,NA,0
9/3/2015,11531,Thursday,6,9,2015,NA,NA,NA,NA,1
9/4/2015,11531,Friday,7,9,2015,NA,NA,NA,NA,0
9/5/2015,11532,Saturday,1,9,2015,NA,NA,NA,NA,1
9/6/2015,11532,Sunday,2,9,2015,NA,NA,NA,NA,1
9/7/2015,11532,Monday,3,9,2015,LaborDay,National,NA,NA,1
9/8/2015,11532,Tuesday,4,9,2015,NA,NA,NA,NA,0
9/9/2015,11532,Wednesday,5,9,2015,NA,NA,NA,NA,1
9/10/2015,11532,Thursday,6,9,2015,NA,NA,NA,NA,0
9/11/2015,11532,Friday,7,9,2015,NA,NA,NA,NA,1
9/12/2015,11533,Saturday,1,9,2015,NA,NA,NA,NA,1
9/13/2015,11533,Sunday,2,9,2015,NA,NA,NA,NA,1
9/14/2015,11533,Monday,3,9,2015,NA,NA,NA,NA,0
9/15/2015,11533,Tuesday,4,9,2015,NA,NA,NA,NA,1
9/16/2015,11533,Wednesday,5,9,2015,NA,NA,NA,NA,0
9/17/2015,11533,Thursday,6,9,2015,NA,NA,NA,NA,0
9/18/2015,11533,Friday,7,9,2015,NA,NA,NA,NA,0
9/19/2015,11534,Saturday,1,9,2015,NA,NA,NA,NA,0
9/20/2015,11534,Sunday,2,9,2015,NA,NA,NA,NA,0
9/21/2015,11534,Monday,3,9,2015,NA,NA,NA,NA,0
9/22/2015,11534,Tuesday,4,9,2015,NA,NA,NA,NA,0
9/23/2015,11534,Wednesday,5,9,2015,NA,NA,NA,NA,0
9/24/2015,11534,Thursday,6,9,2015,EidAlAdha,Religious,NA,NA,0
9/25/2015,11534,Friday,7,9,2015,NA,NA,NA,NA,0
9/26/2015,11535,Saturday,1,9,2015,NA,NA,NA,NA,0
9/27/2015,11535,Sunday,2,9,2015,NA,NA,NA,NA,0
9/28/2015,11535,Monday,3,9,2015,NA,NA,NA,NA,0
9/29/2015,11535,Tuesday,4,9,2015,NA,NA,NA,NA,0
9/30/2015,11535,Wednesday,5,9,2015,NA,NA,NA,NA,0
10/1/2015,11535,Thursday,6,10,2015,NA,NA,NA,NA,1
10/2/2015,11535,Friday,7,10,2015,NA,NA,NA,NA,0
10/3/2015,11536,Saturday,1,10,2015,NA,NA,NA,NA,1
10/4/2015,11536,Sunday,2,10,2015,NA,NA,NA,NA,0
10/5/2015,11536,Monday,3,10,2015,NA,NA,NA,NA,1
10/6/2015,11536,Tuesday,4,10,2015,NA,NA,NA,NA,1
10/7/2015,11536,Wednesday,5,10,2015,NA,NA,NA,NA,1
10/8/2015,11536,Thursday,6,10,2015,NA,NA,NA,NA,0
10/9/2015,11536,Friday,7,10,2015,NA,NA,NA,NA,1
10/10/2015,11537,Saturday,1,10,2015,NA,NA,NA,NA,0
10/11/2015,11537,Sunday,2,10,2015,NA,NA,NA,NA,1
10/12/2015,11537,Monday,3,10,2015,ColumbusDay,National,NA,NA,1
10/13/2015,11537,Tuesday,4,10,2015,NA,NA,NA,NA,1
10/14/2015,11537,Wednesday,5,10,2015,NA,NA,NA,NA,0
10/15/2015,11537,Thursday,6,10,2015,NA,NA,NA,NA,1
10/16/2015,11537,Friday,7,10,2015,NA,NA,NA,NA,0
10/17/2015,11538,Saturday,1,10,2015,NA,NA,NA,NA,0
10/18/2015,11538,Sunday,2,10,2015,NA,NA,NA,NA,0
10/19/2015,11538,Monday,3,10,2015,NA,NA,NA,NA,0
10/20/2015,11538,Tuesday,4,10,2015,NA,NA,NA,NA,0
10/21/2015,11538,Wednesday,5,10,2015,NA,NA,NA,NA,0
10/22/2015,11538,Thursday,6,10,2015,NA,NA,NA,NA,0
10/23/2015,11538,Friday,7,10,2015,NA,NA,NA,NA,0
10/24/2015,11539,Saturday,1,10,2015,NA,NA,NA,NA,0
10/25/2015,11539,Sunday,2,10,2015,NA,NA,NA,NA,0
10/26/2015,11539,Monday,3,10,2015,NA,NA,NA,NA,0
10/27/2015,11539,Tuesday,4,10,2015,NA,NA,NA,NA,0
10/28/2015,11539,Wednesday,5,10,2015,NA,NA,NA,NA,0
10/29/2015,11539,Thursday,6,10,2015,NA,NA,NA,NA,0
10/30/2015,11539,Friday,7,10,2015,NA,NA,NA,NA,0
10/31/2015,11540,Saturday,1,10,2015,Halloween,Cultural,NA,NA,0
11/1/2015,11540,Sunday,2,11,2015,NA,NA,NA,NA,1
11/2/2015,11540,Monday,3,11,2015,NA,NA,NA,NA,0
11/3/2015,11540,Tuesday,4,11,2015,NA,NA,NA,NA,1
11/4/2015,11540,Wednesday,5,11,2015,NA,NA,NA,NA,0
11/5/2015,11540,Thursday,6,11,2015,NA,NA,NA,NA,1
11/6/2015,11540,Friday,7,11,2015,NA,NA,NA,NA,1
11/7/2015,11541,Saturday,1,11,2015,NA,NA,NA,NA,1
11/8/2015,11541,Sunday,2,11,2015,NA,NA,NA,NA,0
11/9/2015,11541,Monday,3,11,2015,NA,NA,NA,NA,1
11/10/2015,11541,Tuesday,4,11,2015,NA,NA,NA,NA,0
11/11/2015,11541,Wednesday,5,11,2015,VeteransDay,National,NA,NA,1
11/12/2015,11541,Thursday,6,11,2015,NA,NA,NA,NA,1
11/13/2015,11541,Friday,7,11,2015,NA,NA,NA,NA,1
11/14/2015,11542,Saturday,1,11,2015,NA,NA,NA,NA,0
11/15/2015,11542,Sunday,2,11,2015,NA,NA,NA,NA,1
11/16/2015,11542,Monday,3,11,2015,NA,NA,NA,NA,0
11/17/2015,11542,Tuesday,4,11,2015,NA,NA,NA,NA,0
11/18/2015,11542,Wednesday,5,11,2015,NA,NA,NA,NA,0
11/19/2015,11542,Thursday,6,11,2015,NA,NA,NA,NA,0
11/20/2015,11542,Friday,7,11,2015,NA,NA,NA,NA,0
11/21/2015,11543,Saturday,1,11,2015,NA,NA,NA,NA,0
11/22/2015,11543,Sunday,2,11,2015,NA,NA,NA,NA,0
11/23/2015,11543,Monday,3,11,2015,NA,NA,NA,NA,0
11/24/2015,11543,Tuesday,4,11,2015,NA,NA,NA,NA,0
11/25/2015,11543,Wednesday,5,11,2015,NA,NA,NA,NA,0
11/26/2015,11543,Thursday,6,11,2015,Thanksgiving,National,NA,NA,0
11/27/2015,11543,Friday,7,11,2015,NA,NA,NA,NA,0
11/28/2015,11544,Saturday,1,11,2015,NA,NA,NA,NA,0
11/29/2015,11544,Sunday,2,11,2015,NA,NA,NA,NA,0
11/30/2015,11544,Monday,3,11,2015,NA,NA,NA,NA,0
12/1/2015,11544,Tuesday,4,12,2015,NA,NA,NA,NA,1
12/2/2015,11544,Wednesday,5,12,2015,NA,NA,NA,NA,0
12/3/2015,11544,Thursday,6,12,2015,NA,NA,NA,NA,1
12/4/2015,11544,Friday,7,12,2015,NA,NA,NA,NA,0
12/5/2015,11545,Saturday,1,12,2015,NA,NA,NA,NA,1
12/6/2015,11545,Sunday,2,12,2015,NA,NA,NA,NA,1
12/7/2015,11545,Monday,3,12,2015,NA,NA,NA,NA,1
12/8/2015,11545,Tuesday,4,12,2015,NA,NA,NA,NA,0
12/9/2015,11545,Wednesday,5,12,2015,NA,NA,NA,NA,1
12/10/2015,11545,Thursday,6,12,2015,NA,NA,NA,NA,0
12/11/2015,11545,Friday,7,12,2015,NA,NA,NA,NA,1
12/12/2015,11546,Saturday,1,12,2015,NA,NA,NA,NA,1
12/13/2015,11546,Sunday,2,12,2015,NA,NA,NA,NA,1
12/14/2015,11546,Monday,3,12,2015,Chanukah End,Religious,NA,NA,0
12/15/2015,11546,Tuesday,4,12,2015,NA,NA,NA,NA,1
12/16/2015,11546,Wednesday,5,12,2015,NA,NA,NA,NA,0
12/17/2015,11546,Thursday,6,12,2015,NA,NA,NA,NA,0
12/18/2015,11546,Friday,7,12,2015,NA,NA,NA,NA,0
12/19/2015,11547,Saturday,1,12,2015,NA,NA,NA,NA,0
12/20/2015,11547,Sunday,2,12,2015,NA,NA,NA,NA,0
12/21/2015,11547,Monday,3,12,2015,NA,NA,NA,NA,0
12/22/2015,11547,Tuesday,4,12,2015,NA,NA,NA,NA,0
12/23/2015,11547,Wednesday,5,12,2015,NA,NA,NA,NA,0
12/24/2015,11547,Thursday,6,12,2015,NA,NA,NA,NA,0
12/25/2015,11547,Friday,7,12,2015,Christmas,National,NA,NA,0
12/26/2015,11548,Saturday,1,12,2015,NA,NA,NA,NA,0
12/27/2015,11548,Sunday,2,12,2015,NA,NA,NA,NA,0
12/28/2015,11548,Monday,3,12,2015,NA,NA,NA,NA,0
12/29/2015,11548,Tuesday,4,12,2015,NA,NA,NA,NA,0
12/30/2015,11548,Wednesday,5,12,2015,NA,NA,NA,NA,0
12/31/2015,11548,Thursday,6,12,2015,NA,NA,NA,NA,0
1/1/2016,11548,Friday,7,1,2016,NewYear,National,NA,NA,1
1/2/2016,11549,Saturday,1,1,2016,NA,NA,NA,NA,0
1/3/2016,11549,Sunday,2,1,2016,NA,NA,NA,NA,1
1/4/2016,11549,Monday,3,1,2016,NA,NA,NA,NA,0
1/5/2016,11549,Tuesday,4,1,2016,NA,NA,NA,NA,1
1/6/2016,11549,Wednesday,5,1,2016,NA,NA,NA,NA,1
1/7/2016,11549,Thursday,6,1,2016,OrthodoxChristmas,Religious,NA,NA,1
1/8/2016,11549,Friday,7,1,2016,NA,NA,NA,NA,0
1/9/2016,11550,Saturday,1,1,2016,NA,NA,NA,NA,1
1/10/2016,11550,Sunday,2,1,2016,NA,NA,NA,NA,0
1/11/2016,11550,Monday,3,1,2016,NA,NA,NA,NA,1
1/12/2016,11550,Tuesday,4,1,2016,NA,NA,NA,NA,1
1/13/2016,11550,Wednesday,5,1,2016,NA,NA,NA,NA,1
1/14/2016,11550,Thursday,6,1,2016,NA,NA,NA,NA,0
1/15/2016,11550,Friday,7,1,2016,NA,NA,NA,NA,1
1/16/2016,11551,Saturday,1,1,2016,NA,NA,NA,NA,0
1/17/2016,11551,Sunday,2,1,2016,NA,NA,NA,NA,0
1/18/2016,11551,Monday,3,1,2016,MartinLutherKingDay,National,NA,NA,0
1/19/2016,11551,Tuesday,4,1,2016,NA,NA,NA,NA,0
1/20/2016,11551,Wednesday,5,1,2016,NA,NA,NA,NA,0
1/21/2016,11551,Thursday,6,1,2016,NA,NA,NA,NA,0
1/22/2016,11551,Friday,7,1,2016,NA,NA,NA,NA,0
1/23/2016,11552,Saturday,1,1,2016,NA,NA,NA,NA,0
1/24/2016,11552,Sunday,2,1,2016,NA,NA,NA,NA,0
1/25/2016,11552,Monday,3,1,2016,NA,NA,NA,NA,0
1/26/2016,11552,Tuesday,4,1,2016,NA,NA,NA,NA,0
1/27/2016,11552,Wednesday,5,1,2016,NA,NA,NA,NA,0
1/28/2016,11552,Thursday,6,1,2016,NA,NA,NA,NA,0
1/29/2016,11552,Friday,7,1,2016,NA,NA,NA,NA,0
1/30/2016,11601,Saturday,1,1,2016,NA,NA,NA,NA,0
1/31/2016,11601,Sunday,2,1,2016,NA,NA,NA,NA,0
2/1/2016,11601,Monday,3,2,2016,NA,NA,NA,NA,1
2/2/2016,11601,Tuesday,4,2,2016,NA,NA,NA,NA,0
2/3/2016,11601,Wednesday,5,2,2016,NA,NA,NA,NA,1
2/4/2016,11601,Thursday,6,2,2016,NA,NA,NA,NA,0
2/5/2016,11601,Friday,7,2,2016,NA,NA,NA,NA,1
2/6/2016,11602,Saturday,1,2,2016,NA,NA,NA,NA,1
2/7/2016,11602,Sunday,2,2,2016,SuperBowl,Sporting,NA,NA,1
2/8/2016,11602,Monday,3,2,2016,NA,NA,NA,NA,0
2/9/2016,11602,Tuesday,4,2,2016,NA,NA,NA,NA,1
2/10/2016,11602,Wednesday,5,2,2016,LentStart,Religious,NA,NA,0
2/11/2016,11602,Thursday,6,2,2016,NA,NA,NA,NA,1
2/12/2016,11602,Friday,7,2,2016,NA,NA,NA,NA,1
2/13/2016,11603,Saturday,1,2,2016,NA,NA,NA,NA,1
2/14/2016,11603,Sunday,2,2,2016,ValentinesDay,Cultural,NA,NA,0
2/15/2016,11603,Monday,3,2,2016,PresidentsDay,National,NA,NA,1
2/16/2016,11603,Tuesday,4,2,2016,NA,NA,NA,NA,0
2/17/2016,11603,Wednesday,5,2,2016,LentWeek2,Religious,NA,NA,0
2/18/2016,11603,Thursday,6,2,2016,NA,NA,NA,NA,0
2/19/2016,11603,Friday,7,2,2016,NA,NA,NA,NA,0
2/20/2016,11604,Saturday,1,2,2016,NA,NA,NA,NA,0
2/21/2016,11604,Sunday,2,2,2016,NA,NA,NA,NA,0
2/22/2016,11604,Monday,3,2,2016,NA,NA,NA,NA,0
2/23/2016,11604,Tuesday,4,2,2016,NA,NA,NA,NA,0
2/24/2016,11604,Wednesday,5,2,2016,NA,NA,NA,NA,0
2/25/2016,11604,Thursday,6,2,2016,NA,NA,NA,NA,0
2/26/2016,11604,Friday,7,2,2016,NA,NA,NA,NA,0
2/27/2016,11605,Saturday,1,2,2016,NA,NA,NA,NA,0
2/28/2016,11605,Sunday,2,2,2016,NA,NA,NA,NA,0
2/29/2016,11605,Monday,3,2,2016,NA,NA,NA,NA,0
3/1/2016,11605,Tuesday,4,3,2016,NA,NA,NA,NA,1
3/2/2016,11605,Wednesday,5,3,2016,NA,NA,NA,NA,0
3/3/2016,11605,Thursday,6,3,2016,NA,NA,NA,NA,1
3/4/2016,11605,Friday,7,3,2016,NA,NA,NA,NA,0
3/5/2016,11606,Saturday,1,3,2016,NA,NA,NA,NA,1
3/6/2016,11606,Sunday,2,3,2016,NA,NA,NA,NA,1
3/7/2016,11606,Monday,3,3,2016,NA,NA,NA,NA,1
3/8/2016,11606,Tuesday,4,3,2016,NA,NA,NA,NA,0
3/9/2016,11606,Wednesday,5,3,2016,NA,NA,NA,NA,1
3/10/2016,11606,Thursday,6,3,2016,NA,NA,NA,NA,0
3/11/2016,11606,Friday,7,3,2016,NA,NA,NA,NA,1
3/12/2016,11607,Saturday,1,3,2016,NA,NA,NA,NA,1
3/13/2016,11607,Sunday,2,3,2016,NA,NA,NA,NA,1
3/14/2016,11607,Monday,3,3,2016,NA,NA,NA,NA,0
3/15/2016,11607,Tuesday,4,3,2016,NA,NA,NA,NA,1
3/16/2016,11607,Wednesday,5,3,2016,NA,NA,NA,NA,0
3/17/2016,11607,Thursday,6,3,2016,StPatricksDay,Cultural,NA,NA,0
3/18/2016,11607,Friday,7,3,2016,NA,NA,NA,NA,0
3/19/2016,11608,Saturday,1,3,2016,NA,NA,NA,NA,0
3/20/2016,11608,Sunday,2,3,2016,NA,NA,NA,NA,0
3/21/2016,11608,Monday,3,3,2016,NA,NA,NA,NA,0
3/22/2016,11608,Tuesday,4,3,2016,NA,NA,NA,NA,0
3/23/2016,11608,Wednesday,5,3,2016,NA,NA,NA,NA,0
3/24/2016,11608,Thursday,6,3,2016,Purim End,Religious,NA,NA,0
3/25/2016,11608,Friday,7,3,2016,NA,NA,NA,NA,0
3/26/2016,11609,Saturday,1,3,2016,NA,NA,NA,NA,0
3/27/2016,11609,Sunday,2,3,2016,Easter,Cultural,NA,NA,0
3/28/2016,11609,Monday,3,3,2016,NA,NA,NA,NA,0
3/29/2016,11609,Tuesday,4,3,2016,NA,NA,NA,NA,0
3/30/2016,11609,Wednesday,5,3,2016,NA,NA,NA,NA,0
3/31/2016,11609,Thursday,6,3,2016,NA,NA,NA,NA,0
4/1/2016,11609,Friday,7,4,2016,NA,NA,NA,NA,1
4/2/2016,11610,Saturday,1,4,2016,NA,NA,NA,NA,0
4/3/2016,11610,Sunday,2,4,2016,NA,NA,NA,NA,1
4/4/2016,11610,Monday,3,4,2016,NA,NA,NA,NA,0
4/5/2016,11610,Tuesday,4,4,2016,NA,NA,NA,NA,1
4/6/2016,11610,Wednesday,5,4,2016,NA,NA,NA,NA,1
4/7/2016,11610,Thursday,6,4,2016,NA,NA,NA,NA,1
4/8/2016,11610,Friday,7,4,2016,NA,NA,NA,NA,0
4/9/2016,11611,Saturday,1,4,2016,NA,NA,NA,NA,1
4/10/2016,11611,Sunday,2,4,2016,NA,NA,NA,NA,0
4/11/2016,11611,Monday,3,4,2016,NA,NA,NA,NA,1
4/12/2016,11611,Tuesday,4,4,2016,NA,NA,NA,NA,1
4/13/2016,11611,Wednesday,5,4,2016,NA,NA,NA,NA,1
4/14/2016,11611,Thursday,6,4,2016,NA,NA,NA,NA,0
4/15/2016,11611,Friday,7,4,2016,NA,NA,NA,NA,1
4/16/2016,11612,Saturday,1,4,2016,NA,NA,NA,NA,0
4/17/2016,11612,Sunday,2,4,2016,NA,NA,NA,NA,0
4/18/2016,11612,Monday,3,4,2016,NA,NA,NA,NA,0
4/19/2016,11612,Tuesday,4,4,2016,NA,NA,NA,NA,0
4/20/2016,11612,Wednesday,5,4,2016,NA,NA,NA,NA,0
4/21/2016,11612,Thursday,6,4,2016,NA,NA,NA,NA,0
4/22/2016,11612,Friday,7,4,2016,NA,NA,NA,NA,0
4/23/2016,11613,Saturday,1,4,2016,NA,NA,NA,NA,0
4/24/2016,11613,Sunday,2,4,2016,NA,NA,NA,NA,0
4/25/2016,11613,Monday,3,4,2016,NA,NA,NA,NA,0
4/26/2016,11613,Tuesday,4,4,2016,NA,NA,NA,NA,0
4/27/2016,11613,Wednesday,5,4,2016,NA,NA,NA,NA,0
4/28/2016,11613,Thursday,6,4,2016,NA,NA,NA,NA,0
4/29/2016,11613,Friday,7,4,2016,NA,NA,NA,NA,0
4/30/2016,11614,Saturday,1,4,2016,Pesach End,Religious,NA,NA,0
5/1/2016,11614,Sunday,2,5,2016,OrthodoxEaster,Religious,NA,NA,1
5/2/2016,11614,Monday,3,5,2016,NA,NA,NA,NA,0
5/3/2016,11614,Tuesday,4,5,2016,NA,NA,NA,NA,1
5/4/2016,11614,Wednesday,5,5,2016,NA,NA,NA,NA,0
5/5/2016,11614,Thursday,6,5,2016,Cinco De Mayo,Cultural,NA,NA,1
5/6/2016,11614,Friday,7,5,2016,NA,NA,NA,NA,1
5/7/2016,11615,Saturday,1,5,2016,NA,NA,NA,NA,1
5/8/2016,11615,Sunday,2,5,2016,Mother's day,Cultural,NA,NA,0
5/9/2016,11615,Monday,3,5,2016,NA,NA,NA,NA,1
5/10/2016,11615,Tuesday,4,5,2016,NA,NA,NA,NA,0
5/11/2016,11615,Wednesday,5,5,2016,NA,NA,NA,NA,1
5/12/2016,11615,Thursday,6,5,2016,NA,NA,NA,NA,1
5/13/2016,11615,Friday,7,5,2016,NA,NA,NA,NA,1
5/14/2016,11616,Saturday,1,5,2016,NA,NA,NA,NA,0
5/15/2016,11616,Sunday,2,5,2016,NA,NA,NA,NA,1
5/16/2016,11616,Monday,3,5,2016,NA,NA,NA,NA,0
5/17/2016,11616,Tuesday,4,5,2016,NA,NA,NA,NA,0
5/18/2016,11616,Wednesday,5,5,2016,NA,NA,NA,NA,0
5/19/2016,11616,Thursday,6,5,2016,NA,NA,NA,NA,0
5/20/2016,11616,Friday,7,5,2016,NA,NA,NA,NA,0
5/21/2016,11617,Saturday,1,5,2016,NA,NA,NA,NA,0
5/22/2016,11617,Sunday,2,5,2016,NA,NA,NA,NA,0
5/23/2016,11617,Monday,3,5,2016,NA,NA,NA,NA,0
5/24/2016,11617,Tuesday,4,5,2016,NA,NA,NA,NA,0
5/25/2016,11617,Wednesday,5,5,2016,NA,NA,NA,NA,0
5/26/2016,11617,Thursday,6,5,2016,NA,NA,NA,NA,0
5/27/2016,11617,Friday,7,5,2016,NA,NA,NA,NA,0
5/28/2016,11618,Saturday,1,5,2016,NA,NA,NA,NA,0
5/29/2016,11618,Sunday,2,5,2016,NA,NA,NA,NA,0
5/30/2016,11618,Monday,3,5,2016,MemorialDay,National,NA,NA,0
5/31/2016,11618,Tuesday,4,5,2016,NA,NA,NA,NA,0
6/1/2016,11618,Wednesday,5,6,2016,NA,NA,NA,NA,1
6/2/2016,11618,Thursday,6,6,2016,NBAFinalsStart,Sporting,NA,NA,0
6/3/2016,11618,Friday,7,6,2016,NA,NA,NA,NA,1
6/4/2016,11619,Saturday,1,6,2016,NA,NA,NA,NA,0
6/5/2016,11619,Sunday,2,6,2016,NA,NA,NA,NA,1
6/6/2016,11619,Monday,3,6,2016,NA,NA,NA,NA,1
6/7/2016,11619,Tuesday,4,6,2016,Ramadan starts,Religious,NA,NA,1
6/8/2016,11619,Wednesday,5,6,2016,NA,NA,NA,NA,0
6/9/2016,11619,Thursday,6,6,2016,NA,NA,NA,NA,1
6/10/2016,11619,Friday,7,6,2016,NA,NA,NA,NA,0
6/11/2016,11620,Saturday,1,6,2016,NA,NA,NA,NA,1
6/12/2016,11620,Sunday,2,6,2016,NA,NA,NA,NA,1
6/13/2016,11620,Monday,3,6,2016,NA,NA,NA,NA,1
6/14/2016,11620,Tuesday,4,6,2016,NA,NA,NA,NA,0
6/15/2016,11620,Wednesday,5,6,2016,NA,NA,NA,NA,1
6/16/2016,11620,Thursday,6,6,2016,NA,NA,NA,NA,0
6/17/2016,11620,Friday,7,6,2016,NA,NA,NA,NA,0
6/18/2016,11621,Saturday,1,6,2016,NA,NA,NA,NA,0
6/19/2016,11621,Sunday,2,6,2016,NBAFinalsEnd,Sporting,Father's day,Cultural,0
